VBCSCompilerPreWarmer: pre-warm launched (dotnet PID 17604)
VBCSCompiler prewarm took 27.68 ms
[Licensing::Module] Trying to connect to existing licensing client channel...
Built from '6000.6/respin/6000.6.0f1-fa21a270ab12' branch; Version is '6000.6.0f1 (f7f8ed4d1e24) revision 16251117'; Using compiler version '194234433'; Build Type 'Release'
[Licensing::IpcConnector] Successfully connected to: "LicenseClient-USER" at "2026-09-08T16:46:30.5601611Z"
OS: 'Windows 11  (10.0.26200) CoreSingleLanguage' Language: 'en' Physical Memory: 16068 MB
BatchMode: 1, IsHumanControllingUs: 0, StartBugReporterOnCrash: 0, Is64bit: 1
System  architecture: x64
Process architecture: x64
Date: 2026-09-08T16:46:30Z
[Licensing::Client] Code 10 while verifying Licensing Client signature (process Id: 3580, path: "D:/unity/Unity Hub/UnityLicensingClient_V1/Unity.Licensing.Client.exe")
[Licensing::Module] LicensingClient has failed validation; ignoring
[Licensing::Client] Handshaking with LicensingClient:
  Version:                 1.18.3+d7ffd15
  Session Id:              3fa2092780814e4b9fef9927304955c1
  Correlation Id:          e827677089ad0f502e556552b22cc339
  External correlation Id: 5932464671329977571
  Machine Id:              uiaJaGyeZcqDvfku+2mjTTnDWp4=
[Licensing::Module] Successfully connected to LicensingClient on channel: "LicenseClient-USER" (connect: 0.00s, validation: 0.00s, handshake: 0.10s)
[Licensing::IpcConnector] Successfully connected to: "LicenseClient-USER-notifications" at "2026-09-08T16:46:30.6660131Z"
[Licensing::Module] Error: Access token is unavailable; failed to update
[Licensing::Client] Successfully resolved entitlement details
[Licensing::Module] License group:
  Id: 13469966419871-UnityPersXXXX
  Product: Unity Personal
  Type: Assigned
  Expiration: Unlimited
[Licensing::Client] Successfully updated license, isAsync: True, time: 0.00
[Licensing::Client] Successfully resolved entitlement details
[Licensing::Module] Licensing Background thread has ended after 0.12s

COMMAND LINE ARGUMENTS:
D:\unity\6000.6.0f1\Editor\Unity.exe
-batchmode
-quit
-projectPath
d:\test\unity-project
-executeMethod
UnityNextViewer.Editor.WebGLBuilder.BuildWebGL
-logFile
d:\test\unity-project\unity_webgl_build.log
Successfully changed project path to: d:\test\unity-project
D:/test/unity-project
[UnityMemory] Configuration Parameters - Can be set up in boot.config
    "memorysetup-temp-allocator-size-gi-baking-worker=262144"
    "memorysetup-temp-allocator-size-gi-baking-worker=262144"
    "memorysetup-temp-allocator-size-gi-baking-worker=262144"
    "memorysetup-temp-allocator-size-gi-baking-worker=262144"
    "memorysetup-temp-allocator-size-gi-baking-worker=262144"
    "memorysetup-temp-allocator-size-nav-mesh-worker=65536"
    "memorysetup-temp-allocator-size-audio-worker=65536"
    "memorysetup-temp-allocator-size-cloud-worker=32768"
    "memorysetup-temp-allocator-size-gfx=262144"
    "memorysetup-remapper-allocator-initial-capacity=32768"
    "memorysetup-temp-allocator-size-preload-manager=33554432"
    "memorysetup-allocator-temp-initial-block-size-main=262144"
    "memorysetup-allocator-temp-initial-block-size-worker=262144"
    "memorysetup-temp-allocator-size-job-worker=262144"
    "memorysetup-temp-allocator-size-background-worker=32768"
    "memorysetup-bucket-allocator-granularity=16"
    "memorysetup-bucket-allocator-bucket-count=8"
    "memorysetup-bucket-allocator-block-size=33554432"
    "memorysetup-bucket-allocator-block-count=8"
    "memorysetup-main-allocator-block-size=16777216"
    "memorysetup-thread-allocator-block-size=16777216"
    "memorysetup-main-allocator-mimalloc-enabled=1"
    "memorysetup-gfx-main-allocator-block-size=16777216"
    "memorysetup-gfx-thread-allocator-block-size=16777216"
    "memorysetup-cache-allocator-block-size=4194304"
    "memorysetup-typetree-allocator-block-size=2097152"
    "memorysetup-profiler-bucket-allocator-granularity=16"
    "memorysetup-profiler-bucket-allocator-bucket-count=8"
    "memorysetup-profiler-bucket-allocator-block-size=33554432"
    "memorysetup-profiler-bucket-allocator-block-count=8"
    "memorysetup-profiler-allocator-block-size=16777216"
    "memorysetup-profiler-editor-allocator-block-size=1048576"
    "memorysetup-temp-allocator-size-main=16777216"
    "memorysetup-job-temp-allocator-block-size=2097152"
    "memorysetup-job-temp-allocator-block-size-background=1048576"
    "memorysetup-job-temp-allocator-reduction-small-platforms=262144"
Logging is directed to a specific file, skipping project log.
Player connection [27408]  Target information:

Player connection [27408]  * "[IP] 192.168.189.1 [Port] 55504 [Flags] 2 [Guid] 1068688042 [EditorId] 1068688042 [Version] 1048832 [Id] WindowsEditor(7,DESKTOP-9Q8CEH5) [Debug] 1 [PackageName] WindowsEditor [ProjectName] Editor" 

Player connection [27408]  * "[IP] 192.168.102.1 [Port] 55504 [Flags] 2 [Guid] 1068688042 [EditorId] 1068688042 [Version] 1048832 [Id] WindowsEditor(7,DESKTOP-9Q8CEH5) [Debug] 1 [PackageName] WindowsEditor [ProjectName] Editor" 

Player connection [27408]  * "[IP] 172.28.32.1 [Port] 55504 [Flags] 2 [Guid] 1068688042 [EditorId] 1068688042 [Version] 1048832 [Id] WindowsEditor(7,DESKTOP-9Q8CEH5) [Debug] 1 [PackageName] WindowsEditor [ProjectName] Editor" 

Player connection [27408]  * "[IP] 10.232.113.35 [Port] 55504 [Flags] 2 [Guid] 1068688042 [EditorId] 1068688042 [Version] 1048832 [Id] WindowsEditor(7,DESKTOP-9Q8CEH5) [Debug] 1 [PackageName] WindowsEditor [ProjectName] Editor" 

Player connection [27408] Host joined multi-casting on [225.0.0.222:54997]...
Player connection [27408] Host joined alternative multi-casting on [225.0.0.222:34997]...
Input System module state changed to: Initialized.
[Physics::Module] Initialized fallback backend.
[Physics::Module] Id: 0xdecafbad
[Package Manager] Connected to IPC stream "Upm-27400" after 0.5 seconds.
[Licensing::Client] Successfully resolved entitlement details
Library Redirect Path: Library/
Initialising UDS system complete:
  - System type: Client
  - Resource namespace: 1377bd60b60b9ca110ed9893b340fcd3
  - Shared memory size: 1073741824
  - Command buffer id: 1052576
  - Command buffer size: 8192
  - Hashmap size: 4194304
  - Service connected: false
Launching Unity Data Store - D:/unity/6000.6.0f1/Editor/Data/Tools/Unity.DataStore.exe 
Unity Data Store artifact dir = Library/DataStore, working dir = D:/test/unity-project[Physics::Module] Selected backend.
[Physics::Module] Name: PhysX
[Physics::Module] Id: 0xf2b8ea05
[Physics::Module] SDK Version: 4.1.2
[Physics::Module] Integration Version: 1.0.0
[Physics::Module] Threading Mode: Multi-Threaded
Unity Data Store running and initialised
Initialize engine version: 6000.6.0f1 (f7f8ed4d1e24)
[EntityIdStore] init: VM path (explicit commit), pageSize=4096, blockCount=1048576, entitiesPerBlock=256, slots reserved=4294967296 bytes
[Subsystems] Discovering subsystems at path D:/unity/6000.6.0f1/Editor/Data/Resources/UnitySubsystems
[Subsystems] Discovering subsystems at path D:/test/unity-project/Assets
GfxDevice: creating device client; kGfxThreadingModeNonThreaded
d3d12: failed to query info queue interface (0x80004002).
Direct3D:
    Version:         Direct3D 12 [level 12.1]
    Renderer:        Intel(R) Iris(R) Xe Graphics (ID=0xa7a0)
    Vendor:          Intel
    VRAM:            8034 MB
    App VRAM Budget: 7376 MB
    Driver:          32.0.101.7085
    Unified Memory Architecture
    Cache Coherent UMA
Initialize mono
Mono path[0] = 'D:/unity/6000.6.0f1/Editor/Data/Managed'
Mono path[1] = 'D:/unity/6000.6.0f1/Editor/Data/BCLExtensions/runtime/netstandard2.1'
Mono path[2] = 'D:/unity/6000.6.0f1/Editor/Data/MonoBleedingEdge/lib/mono/unityjit-win32'
Mono config path = 'D:/unity/6000.6.0f1/Editor/Data/MonoBleedingEdge/etc'
Using monoOptions --debugger-agent=transport=dt_socket,embedding=1,server=y,suspend=n,address=127.0.0.1:56400
CodeReloadManager initialized
ImportWorker Server TCP listen port: 0
AcceleratorClientConnectionCallback - disconnected - :0
Begin MonoManager ReloadAssembly
Registering precompiled unity dll's ...
Register platform support module: D:/unity/6000.6.0f1/Editor/Data/PlaybackEngines/WebGLSupport/UnityEditor.WebGL.Extensions.dll
Register platform support module: D:/unity/6000.6.0f1/Editor/Data/PlaybackEngines/WindowsStandaloneSupport/UnityEditor.WindowsStandalone.Extensions.dll
[Licensing::Client] Successfully resolved entitlement details
Register platform support module: D:/unity/6000.6.0f1/Editor/Data/PlaybackEngines/AndroidPlayer/UnityEditor.Android.Extensions.dll
Registered in 0.013630 seconds.
Native extension for Android target not found
Native extension for WindowsStandalone target not found
Native extension for WebGL target not found
Package Manager log level set to [2]
ScheduleIndexationOnStartup MainProcess:False IndexOnStartup:False
Scripting: successfully reloaded assembly
- Finished resetting the current domain, in  1.835 seconds
Domain Reload Profiling: 3038ms
	BeginReloadAssembly (276ms)
		CreateAndSetChildDomain (22ms)
	RebuildCommonClasses (8ms)
	RebuildNativeTypeToScriptingClass (35ms)
	initialDomainReloadingComplete (151ms)
	LoadAllAssembliesAndSetupDomain (731ms)
		LoadAssemblies (246ms)
		TypeCache.Refresh (469ms)
			TypeCache.ScanAssembly (444ms)
		AnalyzeDomain (1ms)
	FinalizeReload (1838ms)
		SetupLoadedEditorAssemblies (0ms)
			LogAssemblyErrors (3ms)
			InitializePlatformSupportModulesInManaged (20ms)
			BeforeProcessingInitializeOnLoad (175ms)
			ProcessInitializeOnLoadAttributes (185ms)
			ProcessInitializeOnLoadMethodAttributes (1010ms)
[Licensing::Client] Successfully resolved entitlement details
Application.AssetDatabase Initial Refresh Start
[Package Manager] Restoring resolved packages state from cache
[Licensing::Client] Successfully resolved entitlement details
[Package Manager] Registered 24 packages:
  Packages from [https://packages.unity.com]:
    com.unity.cloud.gltfast@6.10.2 (location: D:\test\unity-project\Library\PackageCache\com.unity.cloud.gltfast@8fc67a42c5f2)
    com.unity.nuget.mono-cecil@1.11.6 (location: D:\test\unity-project\Library\PackageCache\com.unity.nuget.mono-cecil@ecb9724e46ff)
  Built-in packages:
    com.unity.modules.animation@1.0.0 (location: D:\test\unity-project\Library\PackageCache\com.unity.modules.animation)
    com.unity.modules.audio@1.0.0 (location: D:\test\unity-project\Library\PackageCache\com.unity.modules.audio)
    com.unity.modules.imgui@1.0.0 (location: D:\test\unity-project\Library\PackageCache\com.unity.modules.imgui)
    com.unity.modules.jsonserialize@1.0.0 (location: D:\test\unity-project\Library\PackageCache\com.unity.modules.jsonserialize)
    com.unity.modules.particlesystem@1.0.0 (location: D:\test\unity-project\Library\PackageCache\com.unity.modules.particlesystem)
    com.unity.modules.physics@1.0.0 (location: D:\test\unity-project\Library\PackageCache\com.unity.modules.physics)
    com.unity.modules.ui@1.0.0 (location: D:\test\unity-project\Library\PackageCache\com.unity.modules.ui)
    com.unity.modules.uielements@1.0.0 (location: D:\test\unity-project\Library\PackageCache\com.unity.modules.uielements)
    com.unity.modules.unitywebrequest@1.0.0 (location: D:\test\unity-project\Library\PackageCache\com.unity.modules.unitywebrequest)
    com.unity.modules.unitywebrequestassetbundle@1.0.0 (location: D:\test\unity-project\Library\PackageCache\com.unity.modules.unitywebrequestassetbundle)
    com.unity.modules.unitywebrequestaudio@1.0.0 (location: D:\test\unity-project\Library\PackageCache\com.unity.modules.unitywebrequestaudio)
    com.unity.modules.unitywebrequesttexture@1.0.0 (location: D:\test\unity-project\Library\PackageCache\com.unity.modules.unitywebrequesttexture)
    com.unity.modules.unitywebrequestwww@1.0.0 (location: D:\test\unity-project\Library\PackageCache\com.unity.modules.unitywebrequestwww)
    com.unity.modules.assetbundle@1.0.0 (location: D:\test\unity-project\Library\PackageCache\com.unity.modules.assetbundle)
    com.unity.modules.imageconversion@1.0.0 (location: D:\test\unity-project\Library\PackageCache\com.unity.modules.imageconversion)
    com.unity.modules.hierarchycore@1.0.0 (location: D:\test\unity-project\Library\PackageCache\com.unity.modules.hierarchycore)
    com.unity.burst@2.0.0 (location: D:\test\unity-project\Library\PackageCache\com.unity.burst@626e66ab421b)
    com.unity.collections@6.6.0 (location: D:\test\unity-project\Library\PackageCache\com.unity.collections@10fff0607388)
    com.unity.mathematics@1.4.0 (location: D:\test\unity-project\Library\PackageCache\com.unity.mathematics@8306a64d0cd6)
    com.unity.test-framework@1.8.0 (location: D:\test\unity-project\Library\PackageCache\com.unity.test-framework@7a3849e09bd0)
    com.unity.test-framework.performance@6.6.0 (location: D:\test\unity-project\Library\PackageCache\com.unity.test-framework.performance@0a60b857a52e)
    com.unity.ext.nunit@2.1.0 (location: D:\test\unity-project\Library\PackageCache\com.unity.ext.nunit@0198eae3b53e)
[Subsystems] No new subsystems found in resolved package list.
[Package Manager] Done registering packages in 0.01 seconds
AcceleratorClientConnectionCallback - disconnected - :0
[ScriptCompilation] Requested script compilation because: AssetDatabase observed changes in script compilation related files
Starting: D:\unity\6000.6.0f1\Editor\Data\Tools\BuildPipeline\bee_backend.exe --ipc --defer-dag-verification --dagfile="Library/Bee/2000b0aE.dag" --continue-on-failure --profile="Library/Bee/backend1.traceevents" ScriptAssemblies
WorkingDir: D:/test/unity-project
ExitCode: 4 Duration: 0s102ms
[             ] Require frontend run.  Library/Bee/2000b0aE.dag couldn't be loaded
Starting: D:\unity\6000.6.0f1\Editor\Data\DotNetSdk\dotnet.exe "D:\unity\6000.6.0f1\Editor\Data\Tools\BuildPipeline\ScriptCompilationBuildProgram.exe" "Library/Bee/2000b0aE.dag.json" "Library/Bee/2000b0aE-inputdata.json" "Library\Bee\buildprogram0.traceevents"
WorkingDir: D:/test/unity-project
DisplayProgressbar: Compiling Scripts
ExitCode: 0 Duration: 0s750ms
Starting: D:\unity\6000.6.0f1\Editor\Data\Tools\BuildPipeline\bee_backend.exe --ipc --defer-dag-verification --dagfile="Library/Bee/2000b0aE.dag" --continue-on-failure --dagfilejson="Library\Bee\2000b0aE.dag.json" --profile="Library/Bee/backend2.traceevents" ScriptAssemblies
WorkingDir: D:/test/unity-project
ExitCode: 0 Duration: 12s
Finished compiling graph: 391 nodes, 4502 flattened edges (4072 ToBuild, 42 ToUse), maximum node priority 176
[ 25/388    0s] WriteText Library/Bee/artifacts/2000b0aE.dag/Unity.Mathematics.rsp2
[ 28/388    0s] WriteText Library/Bee/artifacts/2000b0aE.dag/Unity.Mathematics.UnityAdditionalFile.txt
[ 31/388    0s] WriteText Library/Bee/artifacts/2000b0aE.dag/Unity.Burst.UnityAdditionalFile.txt
[ 34/388    0s] WriteText Library/Bee/artifacts/2000b0aE.dag/Unity.Burst.rsp2
[149/388    0s] WriteText Library/Bee/artifacts/2000b0aE.dag/Unity.Mathematics.dll.mvfrm.rsp
[167/388    0s] WriteText Library/Bee/artifacts/2000b0aE.dag/Unity.Mathematics.rsp
[172/388    0s] WriteText Library/Bee/artifacts/2000b0aE.dag/Unity.Burst.rsp
[173/388    0s] WriteText Library/Bee/artifacts/2000b0aE.dag/Unity.Collections.rsp2
[174/388    0s] WriteText Library/Bee/artifacts/2000b0aE.dag/Unity.Burst.dll.mvfrm.rsp
[176/388    0s] WriteText Library/Bee/artifacts/2000b0aE.dag/Unity.Collections.UnityAdditionalFile.txt
[177/388    0s] WriteText Library/Bee/artifacts/2000b0aE.dag/Unity.Collections.dll.mvfrm.rsp
[178/388    0s] WriteText Library/Bee/artifacts/2000b0aE.dag/UnityEngine.TestRunner.UnityAdditionalFile.txt
[179/388    0s] WriteText Library/Bee/artifacts/2000b0aE.dag/Unity.Collections.rsp
[180/388    0s] WriteText Library/Bee/artifacts/2000b0aE.dag/UnityEngine.TestRunner.rsp2
[181/388    0s] WriteText Library/Bee/artifacts/2000b0aE.dag/Unity.Collections.CodeGen.UnityAdditionalFile.txt
[182/388    0s] WriteText Library/Bee/artifacts/2000b0aE.dag/Unity.Collections.CodeGen.rsp2
[183/388    0s] WriteText Library/Bee/artifacts/2000b0aE.dag/UnityEngine.TestRunner.dll.mvfrm.rsp
[184/388    0s] WriteText Library/Bee/artifacts/2000b0aE.dag/UnityEngine.TestRunner.rsp
[185/388    0s] WriteText Library/Bee/artifacts/2000b0aE.dag/glTFast.UnityAdditionalFile.txt
[186/388    0s] WriteText Library/Bee/artifacts/2000b0aE.dag/UnityEditor.TestRunner.rsp2
[187/388    0s] WriteText Library/Bee/artifacts/2000b0aE.dag/glTFast.rsp2
[188/388    0s] WriteText Library/Bee/artifacts/2000b0aE.dag/UnityEditor.TestRunner.UnityAdditionalFile.txt
[189/388    0s] WriteText Library/Bee/artifacts/2000b0aE.dag/Unity.Collections.CodeGen.dll.mvfrm.rsp
[190/388    0s] WriteText Library/Bee/artifacts/2000b0aE.dag/Unity.Collections.CodeGen.rsp
[191/388    0s] WriteText Library/Bee/artifacts/2000b0aE.dag/UnityEditor.TestRunner.dll.mvfrm.rsp
[192/388    0s] WriteText Library/Bee/artifacts/2000b0aE.dag/UnityEditor.TestRunner.rsp
[193/388    0s] WriteText Library/Bee/artifacts/2000b0aE.dag/glTFast.dll.mvfrm.rsp
[194/388    0s] WriteText Library/Bee/artifacts/2000b0aE.dag/glTFast.Export.UnityAdditionalFile.txt
[195/388    0s] WriteText Library/Bee/artifacts/2000b0aE.dag/glTFast.rsp
[196/388    0s] WriteText Library/Bee/artifacts/2000b0aE.dag/glTFast.Export.rsp2
[197/388    0s] WriteText Library/Bee/artifacts/2000b0aE.dag/Unity.Collections.Editor.UnityAdditionalFile.txt
[198/388    0s] WriteResponseFile Library/Bee/artifacts/rsp/4747638433968585886.rsp
[199/388    0s] WriteText Library/Bee/artifacts/2000b0aE.dag/Unity.Collections.Editor.rsp2
[200/388    0s] WriteText Library/Bee/artifacts/2000b0aE.dag/Unity.Collections.Tests.CoreCLR.InternalJobNestedPrivate.UnityAdditionalFile.txt
[201/388    0s] WriteText Library/Bee/artifacts/2000b0aE.dag/Unity.Collections.Tests.CoreCLR.ProtectedJobNested.rsp2
[202/388    0s] WriteText Library/Bee/artifacts/2000b0aE.dag/Unity.Collections.Tests.CoreCLR.PrivateJobNested.rsp2
[203/388    0s] WriteText Library/Bee/artifacts/2000b0aE.dag/Unity.Collections.Tests.CoreCLR.PublicJobPrivateGeneric.rsp2
[204/388    0s] WriteText Library/Bee/artifacts/2000b0aE.dag/Unity.Collections.Tests.CoreCLR.InternalJobNestedPrivate.rsp2
[205/388    0s] WriteText Library/Bee/artifacts/2000b0aE.dag/Unity.Collections.Tests.CoreCLR.PublicJobPrivateGeneric.UnityAdditionalFile.txt
[206/388    0s] WriteText Library/Bee/artifacts/2000b0aE.dag/Unity.Collections.Tests.CoreCLR.ProtectedJobNested.UnityAdditionalFile.txt
[207/388    0s] WriteText Library/Bee/artifacts/2000b0aE.dag/Unity.Collections.Tests.CoreCLR.PrivateJobNested.UnityAdditionalFile.txt
[208/388    0s] WriteText Library/Bee/artifacts/2000b0aE.dag/Unity.Collections.Tests.CoreCLR.InternalJobNestedPrivate.dll.mvfrm.rsp
[209/388    0s] WriteText Library/Bee/artifacts/2000b0aE.dag/glTFast.Export.dll.mvfrm.rsp
[210/388    0s] WriteText Library/Bee/artifacts/2000b0aE.dag/Unity.Collections.Editor.dll.mvfrm.rsp
[211/388    0s] WriteText Library/Bee/artifacts/2000b0aE.dag/Unity.Collections.Tests.CoreCLR.PublicJobPrivateGeneric.dll.mvfrm.rsp
[212/388    0s] WriteText Library/Bee/artifacts/2000b0aE.dag/Unity.Collections.Tests.CoreCLR.ProtectedJobNested.dll.mvfrm.rsp
[213/388    0s] WriteText Library/Bee/artifacts/2000b0aE.dag/Unity.Collections.Tests.CoreCLR.PrivateJobNested.dll.mvfrm.rsp
[214/388    0s] WriteText Library/Bee/artifacts/2000b0aE.dag/glTFast.Export.rsp
[215/388    0s] WriteText Library/Bee/artifacts/2000b0aE.dag/Unity.Collections.Tests.CoreCLR.PrivateJobNested.rsp
[216/388    0s] WriteText Library/Bee/artifacts/2000b0aE.dag/Unity.Collections.Tests.CoreCLR.InternalJobNestedPrivate.rsp
[217/388    0s] WriteText Library/Bee/artifacts/2000b0aE.dag/Unity.Collections.Editor.rsp
[218/388    0s] WriteText Library/Bee/artifacts/2000b0aE.dag/Unity.Collections.Tests.CoreCLR.PublicJobPrivateGeneric.rsp
[219/388    0s] WriteText Library/Bee/artifacts/2000b0aE.dag/Unity.Collections.Tests.CoreCLR.ProtectedJobNested.rsp
[220/388    0s] WriteText Library/Bee/artifacts/2000b0aE.dag/glTFast.dots.rsp2
[221/388    0s] WriteText Library/Bee/artifacts/2000b0aE.dag/glTFast.Editor.rsp2
[222/388    0s] WriteText Library/Bee/artifacts/2000b0aE.dag/glTFast.Editor.UnityAdditionalFile.txt
[223/388    0s] WriteText Library/Bee/artifacts/2000b0aE.dag/glTFast.dots.UnityAdditionalFile.txt
[224/388    0s] WriteText Library/Bee/artifacts/2000b0aE.dag/Unity.PerformanceTesting.rsp2
[225/388    0s] WriteText Library/Bee/artifacts/2000b0aE.dag/Unity.PerformanceTesting.UnityAdditionalFile.txt
[226/388    0s] WriteText Library/Bee/artifacts/2000b0aE.dag/Unity.PerformanceTesting.dll.mvfrm.rsp
[227/388    0s] WriteText Library/Bee/artifacts/2000b0aE.dag/glTFast.dots.dll.mvfrm.rsp
[228/388    0s] WriteText Library/Bee/artifacts/2000b0aE.dag/glTFast.Editor.dll.mvfrm.rsp
[229/388    0s] WriteText Library/Bee/artifacts/2000b0aE.dag/glTFast.Editor.rsp
[230/388    0s] WriteText Library/Bee/artifacts/2000b0aE.dag/Unity.PerformanceTesting.rsp
[231/388    0s] WriteText Library/Bee/artifacts/2000b0aE.dag/glTFast.Newtonsoft.rsp2
[232/388    0s] WriteText Library/Bee/artifacts/2000b0aE.dag/glTFast.dots.rsp
[233/388    0s] WriteText Library/Bee/artifacts/2000b0aE.dag/glTFast.Newtonsoft.UnityAdditionalFile.txt
[234/388    0s] WriteText Library/Bee/artifacts/2000b0aE.dag/Assembly-CSharp.UnityAdditionalFile.txt
[235/388    0s] WriteText Library/Bee/artifacts/2000b0aE.dag/glTFast.Newtonsoft.dll.mvfrm.rsp
[236/388    0s] WriteText Library/Bee/artifacts/2000b0aE.dag/Assembly-CSharp.rsp2
[237/388    0s] WriteText Library/Bee/artifacts/2000b0aE.dag/Assembly-CSharp.dll.mvfrm.rsp
[238/388    0s] WriteText Library/Bee/artifacts/2000b0aE.dag/glTFast.Newtonsoft.rsp
[239/388    0s] WriteText Library/Bee/artifacts/2000b0aE.dag/Assembly-CSharp.rsp
[240/388    0s] WriteText Library/Bee/artifacts/2000b0aE.dag/glTFast.Documentation.Examples.dll.mvfrm.rsp
[241/388    0s] WriteResponseFile Library/Bee/artifacts/rsp/6987655401940753962.rsp
[242/388    0s] WriteResponseFile Library/Bee/artifacts/rsp/7848219146160440027.rsp
[243/388    0s] WriteResponseFile Library/Bee/artifacts/rsp/17558154393097359094.rsp
[244/388    0s] WriteText Library/Bee/artifacts/2000b0aE.dag/glTFast.Documentation.Examples.rsp2
[245/388    0s] WriteText Library/Bee/artifacts/2000b0aE.dag/Unity.PerformanceTesting.Editor.dll.mvfrm.rsp
[246/388    0s] WriteText Library/Bee/artifacts/2000b0aE.dag/Assembly-CSharp-Editor.dll.mvfrm.rsp
[247/388    0s] WriteText Library/Bee/artifacts/2000b0aE.dag/glTFast.Documentation.Examples.UnityAdditionalFile.txt
[248/388    0s] WriteText Library/Bee/artifacts/2000b0aE.dag/Unity.PerformanceTesting.Editor.UnityAdditionalFile.txt
[249/388    0s] WriteText Library/Bee/artifacts/2000b0aE.dag/Assembly-CSharp-Editor.rsp2
[250/388    0s] WriteText Library/Bee/artifacts/2000b0aE.dag/glTFast.Documentation.Examples.rsp
[251/388    0s] WriteText Library/Bee/artifacts/2000b0aE.dag/Unity.PerformanceTesting.Editor.rsp2
[252/388    0s] WriteText Library/Bee/artifacts/2000b0aE.dag/Assembly-CSharp-Editor.UnityAdditionalFile.txt
[253/388    0s] WriteResponseFile Library/Bee/artifacts/rsp/17646897864428136074.rsp
[254/388    0s] WriteText Library/Bee/artifacts/2000b0aE.dag/Assembly-CSharp-Editor.rsp
[255/388    0s] WriteText Library/Bee/artifacts/2000b0aE.dag/Unity.PerformanceTesting.Editor.rsp
[256/388    0s] WriteResponseFile Library/Bee/artifacts/rsp/494848190965073098.rsp
[257/388    0s] WriteResponseFile Library/Bee/artifacts/rsp/3037372816226278216.rsp
[258/388    0s] WriteResponseFile Library/Bee/artifacts/rsp/7645133376663566173.rsp
[259/388    0s] WriteResponseFile Library/Bee/artifacts/rsp/4369268188044886059.rsp
[260/388    0s] WriteResponseFile Library/Bee/artifacts/rsp/16979435865213405731.rsp
[261/388    0s] WriteResponseFile Library/Bee/artifacts/rsp/10307860231964595937.rsp
[262/388    0s] WriteResponseFile Library/Bee/artifacts/rsp/7043081479946485425.rsp
[263/388    0s] WriteResponseFile Library/Bee/artifacts/rsp/4791036871885797247.rsp
[264/388    0s] WriteResponseFile Library/Bee/artifacts/rsp/5298954385961088545.rsp
[265/388    0s] WriteResponseFile Library/Bee/artifacts/rsp/10746227388266335481.rsp
[266/388    0s] WriteResponseFile Library/Bee/artifacts/rsp/18127568292164882746.rsp
[267/388    0s] WriteResponseFile Library/Bee/artifacts/rsp/9891893477969888860.rsp
[268/388    0s] WriteResponseFile Library/Bee/artifacts/rsp/15569745926999849003.rsp
[269/388    0s] WriteResponseFile Library/Bee/artifacts/rsp/4769955788402727329.rsp
[270/388    0s] WriteResponseFile Library/Bee/artifacts/rsp/15138774623803097380.rsp
[271/388    0s] WriteResponseFile Library/Bee/artifacts/rsp/10017656952941242526.rsp
[272/388    0s] MovedFromExtractor-Combine Library/Bee/artifacts/2000b0aE.dag/Unity.Mathematics.dll.mvfrm
[273/388    0s] MovedFromExtractor-Combine Library/Bee/artifacts/2000b0aE.dag/UnityEngine.TestRunner.dll.mvfrm
[274/388    0s] MovedFromExtractor-Combine Library/Bee/artifacts/2000b0aE.dag/Unity.Burst.dll.mvfrm
[275/388    0s] MovedFromExtractor-Combine Library/Bee/artifacts/2000b0aE.dag/glTFast.Newtonsoft.dll.mvfrm
[           0s] Csc Library/Bee/artifacts/2000b0aE.dag/Unity.Mathematics.dll (+2 others) [CacheMiss 68737d309adc08709679628f2b0a6dfa00000000000000000000000000000006]
[           0s] Csc Library/Bee/artifacts/2000b0aE.dag/UnityEngine.TestRunner.dll (+2 others) [CacheMiss ca720609578f6531035214332c994f6900000000000000000000000000000006]
[           0s] Csc Library/Bee/artifacts/2000b0aE.dag/Unity.Burst.dll (+2 others) [CacheMiss 50bce44aaa53cca519a6e4486e1f295d00000000000000000000000000000006]
[276/388    0s] Csc Library/Bee/artifacts/2000b0aE.dag/Unity.Burst.dll (+2 others)
[277/388    0s] Csc Library/Bee/artifacts/2000b0aE.dag/Unity.Mathematics.dll (+2 others)
[           0s] Csc Library/Bee/artifacts/2000b0aE.dag/Unity.Mathematics.dll (+2 others) [CacheWrite 68737d309adc08709679628f2b0a6dfa00000000000000000000000000000006]
[           0s] Csc Library/Bee/artifacts/2000b0aE.dag/Unity.Burst.dll (+2 others) [CacheWrite 50bce44aaa53cca519a6e4486e1f295d00000000000000000000000000000006]
[278/388    0s] MovedFromExtractor Library/Bee/artifacts/mvdfrm/Unity.Mathematics.ref.dll_9B4CF66C9079F0F4.mvfrm
[279/388    0s] MovedFromExtractor Library/Bee/artifacts/mvdfrm/Unity.Burst.ref.dll_75A67EE1951F90CE.mvfrm
[280/388    1s] Csc Library/Bee/artifacts/2000b0aE.dag/UnityEngine.TestRunner.dll (+2 others)
[281/388    0s] MovedFromExtractor-Combine Library/Bee/artifacts/2000b0aE.dag/glTFast.Documentation.Examples.dll.mvfrm
[282/388    0s] MovedFromExtractor-Combine Library/Bee/artifacts/2000b0aE.dag/Unity.Collections.dll.mvfrm
[283/388    0s] MovedFromExtractor-Combine Library/Bee/artifacts/2000b0aE.dag/glTFast.Export.dll.mvfrm
[           0s] Csc Library/Bee/artifacts/2000b0aE.dag/UnityEngine.TestRunner.dll (+2 others) [CacheWrite ca720609578f6531035214332c994f6900000000000000000000000000000006]
[           0s] Csc Library/Bee/artifacts/2000b0aE.dag/Unity.Collections.dll (+2 others) [CacheMiss bc7c885086e79487a1a8f68fee06d2ef00000000000000000000000000000006]
[284/388    0s] MovedFromExtractor Library/Bee/artifacts/mvdfrm/UnityEngine.TestRunner.ref.dll_50E26CF31C06CD18.mvfrm
[285/388    0s] MovedFromExtractor-Combine Library/Bee/artifacts/2000b0aE.dag/UnityEditor.TestRunner.dll.mvfrm
[286/388    0s] MovedFromExtractor-Combine Library/Bee/artifacts/2000b0aE.dag/Unity.PerformanceTesting.dll.mvfrm
[           0s] Csc Library/Bee/artifacts/2000b0aE.dag/UnityEditor.TestRunner.dll (+2 others) [CacheMiss 9bf4930cfcbd5af856dfe041229e5ec800000000000000000000000000000006]
[           0s] Csc Library/Bee/artifacts/2000b0aE.dag/Unity.PerformanceTesting.dll (+2 others) [CacheMiss c8b25aa43b9f4c64a73fb70a87fab0d300000000000000000000000000000006]
[287/388    0s] Csc Library/Bee/artifacts/2000b0aE.dag/Unity.PerformanceTesting.dll (+2 others)
[           0s] Csc Library/Bee/artifacts/2000b0aE.dag/Unity.PerformanceTesting.dll (+2 others) [CacheWrite c8b25aa43b9f4c64a73fb70a87fab0d300000000000000000000000000000006]
[288/388    0s] MovedFromExtractor Library/Bee/artifacts/mvdfrm/Unity.PerformanceTesting.ref.dll_C41144C1FA8DF118.mvfrm
[289/388    1s] Csc Library/Bee/artifacts/2000b0aE.dag/UnityEditor.TestRunner.dll (+2 others)
[           0s] Csc Library/Bee/artifacts/2000b0aE.dag/UnityEditor.TestRunner.dll (+2 others) [CacheWrite 9bf4930cfcbd5af856dfe041229e5ec800000000000000000000000000000006]
[290/388    0s] MovedFromExtractor Library/Bee/artifacts/mvdfrm/UnityEditor.TestRunner.ref.dll_84C42244F0436F2D.mvfrm
[291/388    0s] MovedFromExtractor-Combine Library/Bee/artifacts/2000b0aE.dag/glTFast.Editor.dll.mvfrm
[292/388    0s] MovedFromExtractor-Combine Library/Bee/artifacts/2000b0aE.dag/Unity.PerformanceTesting.Editor.dll.mvfrm
[           0s] Csc Library/Bee/artifacts/2000b0aE.dag/Unity.PerformanceTesting.Editor.dll (+2 others) [CacheMiss d57b0ca8dbda82ddcbf7735d6fdf7de800000000000000000000000000000006]
[293/388    3s] Csc Library/Bee/artifacts/2000b0aE.dag/Unity.Collections.dll (+2 others)
[           0s] Csc Library/Bee/artifacts/2000b0aE.dag/Unity.Collections.dll (+2 others) [CacheWrite bc7c885086e79487a1a8f68fee06d2ef00000000000000000000000000000006]
[294/388    0s] Csc Library/Bee/artifacts/2000b0aE.dag/Unity.PerformanceTesting.Editor.dll (+2 others)
[295/388    0s] MovedFromExtractor Library/Bee/artifacts/mvdfrm/Unity.Collections.ref.dll_17CA8F61EA9E7873.mvfrm
[           0s] Csc Library/Bee/artifacts/2000b0aE.dag/Unity.PerformanceTesting.Editor.dll (+2 others) [CacheWrite d57b0ca8dbda82ddcbf7735d6fdf7de800000000000000000000000000000006]
[296/388    0s] MovedFromExtractor-Combine Library/Bee/artifacts/2000b0aE.dag/glTFast.dots.dll.mvfrm
[297/388    0s] MovedFromExtractor-Combine Library/Bee/artifacts/2000b0aE.dag/Unity.Collections.Tests.CoreCLR.InternalJobNestedPrivate.dll.mvfrm
[298/388    0s] MovedFromExtractor-Combine Library/Bee/artifacts/2000b0aE.dag/Unity.Collections.Tests.CoreCLR.PublicJobPrivateGeneric.dll.mvfrm
[299/388    0s] MovedFromExtractor-Combine Library/Bee/artifacts/2000b0aE.dag/Unity.Collections.Tests.CoreCLR.ProtectedJobNested.dll.mvfrm
[300/388    0s] MovedFromExtractor-Combine Library/Bee/artifacts/2000b0aE.dag/glTFast.dll.mvfrm
[301/388    0s] MovedFromExtractor-Combine Library/Bee/artifacts/2000b0aE.dag/Unity.Collections.Tests.CoreCLR.PrivateJobNested.dll.mvfrm
[302/388    0s] MovedFromExtractor-Combine Library/Bee/artifacts/2000b0aE.dag/Unity.Collections.Editor.dll.mvfrm
[303/388    0s] MovedFromExtractor-Combine Library/Bee/artifacts/2000b0aE.dag/Unity.Collections.CodeGen.dll.mvfrm
[           0s] Csc Library/Bee/artifacts/2000b0aE.dag/Unity.Collections.Tests.CoreCLR.InternalJobNestedPrivate.dll (+2 others) [CacheMiss ead28397f5f909c7bb5fd2fc8cc34e4500000000000000000000000000000006]
[           0s] Csc Library/Bee/artifacts/2000b0aE.dag/Unity.Collections.Tests.CoreCLR.PublicJobPrivateGeneric.dll (+2 others) [CacheMiss 5074df1953a88cb55bb43749b8d5f3e200000000000000000000000000000006]
[           0s] Csc Library/Bee/artifacts/2000b0aE.dag/Unity.Collections.Tests.CoreCLR.ProtectedJobNested.dll (+2 others) [CacheMiss 4cd4e6c94675f87bdaebf6ecfdf6abd800000000000000000000000000000006]
[           0s] Csc Library/Bee/artifacts/2000b0aE.dag/Unity.Collections.Tests.CoreCLR.PrivateJobNested.dll (+2 others) [CacheMiss bfc83cbe4378c66ea922cfa1e028a91a00000000000000000000000000000006]
[           0s] Csc Library/Bee/artifacts/2000b0aE.dag/glTFast.dll (+2 others) [CacheMiss 4feb2e5c09c70972326f460b649b747200000000000000000000000000000006]
[           0s] Csc Library/Bee/artifacts/2000b0aE.dag/Unity.Collections.CodeGen.dll (+2 others) [CacheMiss b13fc84f485e30d0e389f8bac4ebee4200000000000000000000000000000006]
[           0s] Csc Library/Bee/artifacts/2000b0aE.dag/Unity.Collections.Editor.dll (+2 others) [CacheMiss bcf6106e8042690170c1a621f8c6d7cc00000000000000000000000000000006]
[304/388    0s] Csc Library/Bee/artifacts/2000b0aE.dag/Unity.Collections.Tests.CoreCLR.InternalJobNestedPrivate.dll (+2 others)
[           0s] Csc Library/Bee/artifacts/2000b0aE.dag/Unity.Collections.Tests.CoreCLR.InternalJobNestedPrivate.dll (+2 others) [CacheWrite ead28397f5f909c7bb5fd2fc8cc34e4500000000000000000000000000000006]
[305/388    0s] Csc Library/Bee/artifacts/2000b0aE.dag/Unity.Collections.Tests.CoreCLR.PublicJobPrivateGeneric.dll (+2 others)
[306/388    0s] Csc Library/Bee/artifacts/2000b0aE.dag/Unity.Collections.Tests.CoreCLR.PrivateJobNested.dll (+2 others)
[307/388    0s] Csc Library/Bee/artifacts/2000b0aE.dag/Unity.Collections.Tests.CoreCLR.ProtectedJobNested.dll (+2 others)
[308/388    0s] Csc Library/Bee/artifacts/2000b0aE.dag/Unity.Collections.Editor.dll (+2 others)
[           0s] Csc Library/Bee/artifacts/2000b0aE.dag/Unity.Collections.Tests.CoreCLR.PublicJobPrivateGeneric.dll (+2 others) [CacheWrite 5074df1953a88cb55bb43749b8d5f3e200000000000000000000000000000006]
[           0s] Csc Library/Bee/artifacts/2000b0aE.dag/Unity.Collections.Tests.CoreCLR.ProtectedJobNested.dll (+2 others) [CacheWrite 4cd4e6c94675f87bdaebf6ecfdf6abd800000000000000000000000000000006]
[           0s] Csc Library/Bee/artifacts/2000b0aE.dag/Unity.Collections.Tests.CoreCLR.PrivateJobNested.dll (+2 others) [CacheWrite bfc83cbe4378c66ea922cfa1e028a91a00000000000000000000000000000006]
[309/388    1s] Csc Library/Bee/artifacts/2000b0aE.dag/Unity.Collections.CodeGen.dll (+2 others)
[           0s] Csc Library/Bee/artifacts/2000b0aE.dag/Unity.Collections.Editor.dll (+2 others) [CacheWrite bcf6106e8042690170c1a621f8c6d7cc00000000000000000000000000000006]
[310/388    0s] MovedFromExtractor Library/Bee/artifacts/mvdfrm/Unity.Collections.Tests.CoreCLR.InternalJobNestedPrivate.ref.dll_073BC63E14CFC1BE.mvfrm
[           0s] Csc Library/Bee/artifacts/2000b0aE.dag/Unity.Collections.CodeGen.dll (+2 others) [CacheWrite b13fc84f485e30d0e389f8bac4ebee4200000000000000000000000000000006]
[311/388    0s] CopyFiles Library/ScriptAssemblies/Unity.Collections.CodeGen.dll
[312/388    0s] CopyFiles Library/ScriptAssemblies/Unity.Collections.CodeGen.pdb
[313/388    0s] MovedFromExtractor Library/Bee/artifacts/mvdfrm/Unity.Collections.Tests.CoreCLR.PublicJobPrivateGeneric.ref.dll_987AB8B1653F6D7C.mvfrm
[314/388    0s] MovedFromExtractor Library/Bee/artifacts/mvdfrm/Unity.Collections.Tests.CoreCLR.ProtectedJobNested.ref.dll_45D94D929AC39858.mvfrm
[315/388    0s] MovedFromExtractor Library/Bee/artifacts/mvdfrm/Unity.Collections.Tests.CoreCLR.PrivateJobNested.ref.dll_0B315B39EB331A33.mvfrm
[316/388    0s] MovedFromExtractor Library/Bee/artifacts/mvdfrm/Unity.Collections.Editor.ref.dll_AEBC9A320FD4776E.mvfrm
[317/388    0s] MovedFromExtractor-Combine Library/Bee/artifacts/2000b0aE.dag/Assembly-CSharp.dll.mvfrm
[318/388    0s] MovedFromExtractor-Combine Library/Bee/artifacts/2000b0aE.dag/Assembly-CSharp-Editor.dll.mvfrm
[319/388    0s] ILPP-Configuration Library/ilpp-configuration.nevergeneratedoutput
[320/388    1s] Csc Library/Bee/artifacts/2000b0aE.dag/glTFast.dll (+2 others)
[           0s] Csc Library/Bee/artifacts/2000b0aE.dag/glTFast.dll (+2 others) [CacheWrite 4feb2e5c09c70972326f460b649b747200000000000000000000000000000006]
[           0s] Csc Library/Bee/artifacts/2000b0aE.dag/glTFast.Newtonsoft.dll (+2 others) [CacheMiss 19be5cd2ad00a725da688ab9eb94a4fa00000000000000000000000000000006]
[           0s] Csc Library/Bee/artifacts/2000b0aE.dag/glTFast.dots.dll (+2 others) [CacheMiss def1268990d4aef9ee5e0bdd23f4bbc500000000000000000000000000000006]
[           0s] Csc Library/Bee/artifacts/2000b0aE.dag/glTFast.Export.dll (+2 others) [CacheMiss 9f744f285bdd78c9e5c25cc36b72badb00000000000000000000000000000006]
[321/388    0s] ILPostProcess Library/Bee/artifacts/2000b0aE.dag/post-processed/Unity.Mathematics.dll (+pdb)
Processing assembly Library/Bee/artifacts/2000b0aE.dag/Unity.Mathematics.dll, with 124 defines and 269 references

processors: Unity.Jobs.CodeGen.JobsILPostProcessor, zzzUnity.Burst.CodeGen.BurstILPostProcessor

1 processor(s) skipped this assembly

running Unity.Jobs.CodeGen.JobsILPostProcessor
[322/388    0s] ILPostProcess Library/Bee/artifacts/2000b0aE.dag/post-processed/Unity.PerformanceTesting.dll (+pdb)
Processing assembly Library/Bee/artifacts/2000b0aE.dag/Unity.PerformanceTesting.dll, with 125 defines and 264 references

processors: Unity.Jobs.CodeGen.JobsILPostProcessor, zzzUnity.Burst.CodeGen.BurstILPostProcessor

1 processor(s) skipped this assembly

running Unity.Jobs.CodeGen.JobsILPostProcessor
[323/388    0s] ILPostProcess Library/Bee/artifacts/2000b0aE.dag/post-processed/Unity.PerformanceTesting.Editor.dll (+pdb)
Processing assembly Library/Bee/artifacts/2000b0aE.dag/Unity.PerformanceTesting.Editor.dll, with 123 defines and 303 references

processors: Unity.Jobs.CodeGen.JobsILPostProcessor, zzzUnity.Burst.CodeGen.BurstILPostProcessor

1 processor(s) skipped this assembly

running Unity.Jobs.CodeGen.JobsILPostProcessor
[324/388    0s] CopyFiles Library/ScriptAssemblies/Unity.PerformanceTesting.dll
[325/388    0s] CopyFiles Library/ScriptAssemblies/Unity.PerformanceTesting.pdb
[326/388    1s] ILPostProcess Library/Bee/artifacts/2000b0aE.dag/post-processed/Unity.Burst.dll (+pdb)
Processing assembly Library/Bee/artifacts/2000b0aE.dag/Unity.Burst.dll, with 124 defines and 269 references

processors: Unity.Jobs.CodeGen.JobsILPostProcessor, zzzUnity.Burst.CodeGen.BurstILPostProcessor

running Unity.Jobs.CodeGen.JobsILPostProcessor

running zzzUnity.Burst.CodeGen.BurstILPostProcessor
[327/388    1s] ILPostProcess Library/Bee/artifacts/2000b0aE.dag/post-processed/Unity.Collections.Tests.CoreCLR.ProtectedJobNested.dll (+pdb)
Processing assembly Library/Bee/artifacts/2000b0aE.dag/Unity.Collections.Tests.CoreCLR.ProtectedJobNested.dll, with 124 defines and 270 references

processors: Unity.Jobs.CodeGen.JobsILPostProcessor, zzzUnity.Burst.CodeGen.BurstILPostProcessor

1 processor(s) skipped this assembly

running Unity.Jobs.CodeGen.JobsILPostProcessor
[328/388    1s] ILPostProcess Library/Bee/artifacts/2000b0aE.dag/post-processed/Unity.Collections.Editor.dll (+pdb)
Processing assembly Library/Bee/artifacts/2000b0aE.dag/Unity.Collections.Editor.dll, with 123 defines and 306 references

processors: Unity.Jobs.CodeGen.JobsILPostProcessor, zzzUnity.Burst.CodeGen.BurstILPostProcessor

1 processor(s) skipped this assembly

running Unity.Jobs.CodeGen.JobsILPostProcessor
[329/388    0s] CopyFiles Library/ScriptAssemblies/Unity.PerformanceTesting.Editor.pdb
[330/388    0s] CopyFiles Library/ScriptAssemblies/Unity.Mathematics.pdb
[331/388    1s] ILPostProcess Library/Bee/artifacts/2000b0aE.dag/post-processed/Unity.Collections.Tests.CoreCLR.InternalJobNestedPrivate.dll (+pdb)
Processing assembly Library/Bee/artifacts/2000b0aE.dag/Unity.Collections.Tests.CoreCLR.InternalJobNestedPrivate.dll, with 124 defines and 270 references

processors: Unity.Jobs.CodeGen.JobsILPostProcessor, zzzUnity.Burst.CodeGen.BurstILPostProcessor

1 processor(s) skipped this assembly

running Unity.Jobs.CodeGen.JobsILPostProcessor
[332/388    0s] CopyFiles Library/ScriptAssemblies/Unity.PerformanceTesting.Editor.dll
[333/388    0s] CopyFiles Library/ScriptAssemblies/Unity.Mathematics.dll
[334/388    1s] ILPostProcess Library/Bee/artifacts/2000b0aE.dag/post-processed/Unity.Collections.Tests.CoreCLR.PublicJobPrivateGeneric.dll (+pdb)
Processing assembly Library/Bee/artifacts/2000b0aE.dag/Unity.Collections.Tests.CoreCLR.PublicJobPrivateGeneric.dll, with 124 defines and 270 references

processors: Unity.Jobs.CodeGen.JobsILPostProcessor, zzzUnity.Burst.CodeGen.BurstILPostProcessor

1 processor(s) skipped this assembly

running Unity.Jobs.CodeGen.JobsILPostProcessor
[335/388    0s] Csc Library/Bee/artifacts/2000b0aE.dag/glTFast.Newtonsoft.dll (+2 others)
[336/388    0s] Csc Library/Bee/artifacts/2000b0aE.dag/glTFast.dots.dll (+2 others)
[337/388    1s] ILPostProcess Library/Bee/artifacts/2000b0aE.dag/post-processed/UnityEngine.TestRunner.dll (+pdb)
Processing assembly Library/Bee/artifacts/2000b0aE.dag/UnityEngine.TestRunner.dll, with 125 defines and 263 references

processors: Unity.Jobs.CodeGen.JobsILPostProcessor, zzzUnity.Burst.CodeGen.BurstILPostProcessor

1 processor(s) skipped this assembly

running Unity.Jobs.CodeGen.JobsILPostProcessor
[338/388    1s] ILPostProcess Library/Bee/artifacts/2000b0aE.dag/post-processed/Unity.Collections.Tests.CoreCLR.PrivateJobNested.dll (+pdb)
Processing assembly Library/Bee/artifacts/2000b0aE.dag/Unity.Collections.Tests.CoreCLR.PrivateJobNested.dll, with 124 defines and 270 references

processors: Unity.Jobs.CodeGen.JobsILPostProcessor, zzzUnity.Burst.CodeGen.BurstILPostProcessor

1 processor(s) skipped this assembly

running Unity.Jobs.CodeGen.JobsILPostProcessor
[           0s] Csc Library/Bee/artifacts/2000b0aE.dag/glTFast.Newtonsoft.dll (+2 others) [CacheWrite 19be5cd2ad00a725da688ab9eb94a4fa00000000000000000000000000000006]
[           0s] Csc Library/Bee/artifacts/2000b0aE.dag/glTFast.dots.dll (+2 others) [CacheWrite def1268990d4aef9ee5e0bdd23f4bbc500000000000000000000000000000006]
[339/388    1s] ILPostProcess Library/Bee/artifacts/2000b0aE.dag/post-processed/UnityEditor.TestRunner.dll (+pdb)
Processing assembly Library/Bee/artifacts/2000b0aE.dag/UnityEditor.TestRunner.dll, with 123 defines and 305 references

processors: Unity.Jobs.CodeGen.JobsILPostProcessor, zzzUnity.Burst.CodeGen.BurstILPostProcessor

1 processor(s) skipped this assembly

running Unity.Jobs.CodeGen.JobsILPostProcessor
[340/388    0s] CopyFiles Library/ScriptAssemblies/Unity.Collections.Tests.CoreCLR.ProtectedJobNested.pdb
[341/388    0s] CopyFiles Library/ScriptAssemblies/Unity.Collections.Tests.CoreCLR.ProtectedJobNested.dll
[342/388    0s] CopyFiles Library/ScriptAssemblies/Unity.Burst.pdb
[343/388    0s] CopyFiles Library/ScriptAssemblies/Unity.Burst.dll
[344/388    0s] CopyFiles Library/ScriptAssemblies/Unity.Collections.Editor.pdb
[345/388    0s] CopyFiles Library/ScriptAssemblies/Unity.Collections.Editor.dll
[346/388    0s] CopyFiles Library/ScriptAssemblies/Unity.Collections.Tests.CoreCLR.PublicJobPrivateGeneric.pdb
[347/388    0s] CopyFiles Library/ScriptAssemblies/Unity.Collections.Tests.CoreCLR.PublicJobPrivateGeneric.dll
[348/388    0s] ILPostProcess Library/Bee/artifacts/2000b0aE.dag/post-processed/glTFast.Newtonsoft.dll (+pdb)
Processing assembly Library/Bee/artifacts/2000b0aE.dag/glTFast.Newtonsoft.dll, with 125 defines and 270 references

processors: Unity.Jobs.CodeGen.JobsILPostProcessor, zzzUnity.Burst.CodeGen.BurstILPostProcessor

1 processor(s) skipped this assembly

running Unity.Jobs.CodeGen.JobsILPostProcessor
[349/388    0s] CopyFiles Library/ScriptAssemblies/Unity.Collections.Tests.CoreCLR.InternalJobNestedPrivate.pdb
[350/388    0s] CopyFiles Library/ScriptAssemblies/Unity.Collections.Tests.CoreCLR.InternalJobNestedPrivate.dll
[351/388    0s] ILPostProcess Library/Bee/artifacts/2000b0aE.dag/post-processed/glTFast.dots.dll (+pdb)
Processing assembly Library/Bee/artifacts/2000b0aE.dag/glTFast.dots.dll, with 125 defines and 273 references

processors: Unity.Jobs.CodeGen.JobsILPostProcessor, zzzUnity.Burst.CodeGen.BurstILPostProcessor

1 processor(s) skipped this assembly

running Unity.Jobs.CodeGen.JobsILPostProcessor
[352/388    0s] CopyFiles Library/ScriptAssemblies/UnityEngine.TestRunner.pdb
[353/388    0s] CopyFiles Library/ScriptAssemblies/UnityEngine.TestRunner.dll
[354/388    1s] Csc Library/Bee/artifacts/2000b0aE.dag/glTFast.Export.dll (+2 others)
[355/388    0s] CopyFiles Library/ScriptAssemblies/Unity.Collections.Tests.CoreCLR.PrivateJobNested.pdb
[356/388    0s] CopyFiles Library/ScriptAssemblies/Unity.Collections.Tests.CoreCLR.PrivateJobNested.dll
[357/388    0s] CopyFiles Library/ScriptAssemblies/UnityEditor.TestRunner.pdb
[358/388    0s] CopyFiles Library/ScriptAssemblies/UnityEditor.TestRunner.dll
[           0s] Csc Library/Bee/artifacts/2000b0aE.dag/glTFast.Export.dll (+2 others) [CacheWrite 9f744f285bdd78c9e5c25cc36b72badb00000000000000000000000000000006]
[359/388    0s] CopyFiles Library/ScriptAssemblies/glTFast.Newtonsoft.pdb
[360/388    0s] CopyFiles Library/ScriptAssemblies/glTFast.Newtonsoft.dll
[361/388    0s] CopyFiles Library/ScriptAssemblies/glTFast.dots.pdb
[362/388    0s] CopyFiles Library/ScriptAssemblies/glTFast.dots.dll
[363/388    1s] ILPostProcess Library/Bee/artifacts/2000b0aE.dag/post-processed/glTFast.dll (+pdb)
Processing assembly Library/Bee/artifacts/2000b0aE.dag/glTFast.dll, with 130 defines and 272 references

processors: Unity.Jobs.CodeGen.JobsILPostProcessor, zzzUnity.Burst.CodeGen.BurstILPostProcessor

running Unity.Jobs.CodeGen.JobsILPostProcessor

running zzzUnity.Burst.CodeGen.BurstILPostProcessor
[           0s] Csc Library/Bee/artifacts/2000b0aE.dag/glTFast.Editor.dll (+2 others) [CacheMiss 49f820c606641ab0d28095860363e1da00000000000000000000000000000006]
[           0s] Csc Library/Bee/artifacts/2000b0aE.dag/glTFast.Documentation.Examples.dll (+2 others) [CacheMiss 0cc251c7d4440714486d80e737abeaa500000000000000000000000000000006]
[364/388    0s] CopyFiles Library/ScriptAssemblies/glTFast.pdb
[365/388    0s] ILPostProcess Library/Bee/artifacts/2000b0aE.dag/post-processed/glTFast.Export.dll (+pdb)
Processing assembly Library/Bee/artifacts/2000b0aE.dag/glTFast.Export.dll, with 125 defines and 272 references

processors: Unity.Jobs.CodeGen.JobsILPostProcessor, zzzUnity.Burst.CodeGen.BurstILPostProcessor

running Unity.Jobs.CodeGen.JobsILPostProcessor

running zzzUnity.Burst.CodeGen.BurstILPostProcessor
[366/388    0s] CopyFiles Library/ScriptAssemblies/glTFast.dll
[367/388    2s] ILPostProcess Library/Bee/artifacts/2000b0aE.dag/post-processed/Unity.Collections.dll (+pdb)
Processing assembly Library/Bee/artifacts/2000b0aE.dag/Unity.Collections.dll, with 126 defines and 271 references

processors: Unity.Jobs.CodeGen.JobsILPostProcessor, zzzUnity.Burst.CodeGen.BurstILPostProcessor

running Unity.Jobs.CodeGen.JobsILPostProcessor

running zzzUnity.Burst.CodeGen.BurstILPostProcessor
[368/388    0s] CopyFiles Library/ScriptAssemblies/glTFast.Export.pdb
[369/388    0s] CopyFiles Library/ScriptAssemblies/glTFast.Export.dll
[370/388    0s] CopyFiles Library/ScriptAssemblies/Unity.Collections.pdb
[371/388    0s] CopyFiles Library/ScriptAssemblies/Unity.Collections.dll
[372/388    0s] Csc Library/Bee/artifacts/2000b0aE.dag/glTFast.Documentation.Examples.dll (+2 others)
[373/388    0s] Csc Library/Bee/artifacts/2000b0aE.dag/glTFast.Editor.dll (+2 others)
[           0s] Csc Library/Bee/artifacts/2000b0aE.dag/glTFast.Documentation.Examples.dll (+2 others) [CacheWrite 0cc251c7d4440714486d80e737abeaa500000000000000000000000000000006]
[           0s] Csc Library/Bee/artifacts/2000b0aE.dag/glTFast.Editor.dll (+2 others) [CacheWrite 49f820c606641ab0d28095860363e1da00000000000000000000000000000006]
[374/388    0s] ILPostProcess Library/Bee/artifacts/2000b0aE.dag/post-processed/glTFast.Documentation.Examples.dll (+pdb)
Processing assembly Library/Bee/artifacts/2000b0aE.dag/glTFast.Documentation.Examples.dll, with 124 defines and 273 references

processors: Unity.Jobs.CodeGen.JobsILPostProcessor, zzzUnity.Burst.CodeGen.BurstILPostProcessor

1 processor(s) skipped this assembly

running Unity.Jobs.CodeGen.JobsILPostProcessor
[375/388    0s] ILPostProcess Library/Bee/artifacts/2000b0aE.dag/post-processed/glTFast.Editor.dll (+pdb)
Processing assembly Library/Bee/artifacts/2000b0aE.dag/glTFast.Editor.dll, with 123 defines and 308 references

processors: Unity.Jobs.CodeGen.JobsILPostProcessor, zzzUnity.Burst.CodeGen.BurstILPostProcessor

1 processor(s) skipped this assembly

running Unity.Jobs.CodeGen.JobsILPostProcessor
[376/388    0s] CopyFiles Library/ScriptAssemblies/glTFast.Documentation.Examples.pdb
[377/388    0s] CopyFiles Library/ScriptAssemblies/glTFast.Documentation.Examples.dll
[378/388    0s] CopyFiles Library/ScriptAssemblies/glTFast.Editor.pdb
[379/388    0s] CopyFiles Library/ScriptAssemblies/glTFast.Editor.dll
[380/388    0s] Csc Library/Bee/artifacts/2000b0aE.dag/Assembly-CSharp.dll (+2 others)
[381/388    0s] ILPostProcess Library/Bee/artifacts/2000b0aE.dag/post-processed/Assembly-CSharp.dll (+pdb)
Processing assembly Library/Bee/artifacts/2000b0aE.dag/Assembly-CSharp.dll, with 124 defines and 276 references

processors: Unity.Jobs.CodeGen.JobsILPostProcessor, zzzUnity.Burst.CodeGen.BurstILPostProcessor

1 processor(s) skipped this assembly

running Unity.Jobs.CodeGen.JobsILPostProcessor
[382/388    0s] CopyFiles Library/ScriptAssemblies/Assembly-CSharp.pdb
[383/388    0s] CopyFiles Library/ScriptAssemblies/Assembly-CSharp.dll
[384/388    0s] Csc Library/Bee/artifacts/2000b0aE.dag/Assembly-CSharp-Editor.dll (+2 others)
[385/388    0s] ILPostProcess Library/Bee/artifacts/2000b0aE.dag/post-processed/Assembly-CSharp-Editor.dll (+pdb)
Processing assembly Library/Bee/artifacts/2000b0aE.dag/Assembly-CSharp-Editor.dll, with 122 defines and 317 references

processors: Unity.Jobs.CodeGen.JobsILPostProcessor, zzzUnity.Burst.CodeGen.BurstILPostProcessor

1 processor(s) skipped this assembly

running Unity.Jobs.CodeGen.JobsILPostProcessor
[386/388    0s] CopyFiles Library/ScriptAssemblies/Assembly-CSharp-Editor.pdb
[387/388    0s] CopyFiles Library/ScriptAssemblies/Assembly-CSharp-Editor.dll
*** Tundra build success (12.59 seconds), 221 items updated, 388 evaluated
AssetDatabase: script compilation time: 14.434715s
Begin MonoManager ReloadAssembly
Importing 'GUID: 00000000000000004000000000000000 - Path: ProjectSettings/ProjectSettings.asset' with importer (LibraryAssetImporter)
Imported 'GUID: 00000000000000004000000000000000' -> (Import Result ID: '763b2a4f143edccc18418eaa54e04361') in 0.029 seconds [static dependencies only]. Details - ImportResultOutputID=054c890a8f4b6dddbea933bc5e4b7df4 DependenciesID=a3d6bd57058713e533badc1e4bfdeb98 StaticDependenciesID=a735ba29066293bd16a6e3ce77123471 
Native extension for Android target not found
Native extension for WindowsStandalone target not found
Native extension for WebGL target not found
ScheduleIndexationOnStartup MainProcess:True IndexOnStartup:True
Scripting: successfully reloaded assembly
- Finished resetting the current domain, in  0.962 seconds
Domain Reload Profiling: 2590ms
	BeginReloadAssembly (701ms)
		DisableScriptedObjects (62ms)
		CreateAndSetChildDomain (198ms)
	RebuildCommonClasses (15ms)
	RebuildNativeTypeToScriptingClass (29ms)
	initialDomainReloadingComplete (153ms)
	LoadAllAssembliesAndSetupDomain (726ms)
		LoadAssemblies (660ms)
		TypeCache.Refresh (72ms)
			TypeCache.ScanAssembly (57ms)
		AnalyzeDomain (20ms)
			BuildScriptInfoCaches (17ms)
	FinalizeReload (965ms)
		SetupLoadedEditorAssemblies (0ms)
			InitializePlatformSupportModulesInManaged (17ms)
			BeforeProcessingInitializeOnLoad (197ms)
			ProcessInitializeOnLoadAttributes (134ms)
			ProcessInitializeOnLoadMethodAttributes (133ms)
			AfterProcessingInitializeOnLoad (41ms)
		AwakeInstancesAfterBackupRestoration (82ms)
Starting new worker id: 0 with log in D:/test/unity-project/Logs/AssetImportWorkerHW0.log
Launched and connected shader compiler UnityShaderCompiler.exe after 0.05 seconds
Refreshing native plugins compatible for Editor in 2.38 ms, found 0 plugins.

Asset Pipeline Refresh (id=0a2d9fce88bfd0e4c8cb21a6b731f15f): Total: 18.155 seconds - Initiated by InitialRefreshV2(ForceSynchronousImport)
	(Values over 0.05ms)
	Summary:
		Imports: total=1 (actual=1, local cache=0, cache server=0)
		Asset DB Process Time: managed=6 ms, native=1405 ms
		Asset DB Callback time: managed=161 ms, native=254 ms
		Scripting: domain reloads=1, domain reload time=1816 ms, compile time=14443 ms, other=67 ms
		Project Asset Count: scripts=212, non-scripts=135
		Asset File Changes: new=0, changed=2, moved=0, deleted=0
		Scan Filter Count: 0
	InvokePackagesCallback: 25.491ms
	ApplyChangesToAssetFolders: 1.186ms
	Scan: 93.670ms
	Collect global state as custom dependencies: 30.738ms
	OnSourceAssetsModified: 1.006ms
	CategorizeScriptCompilationAssets: 12.931ms
	ProcessAssetsWithTransientArtifactChanges: 18.149ms
	CategorizeAssets: 8.234ms
	CompileScripts: 14443.474ms
	ImportOutOfDateAssets: 1061.470ms (969.163ms without children)
		ImportManagerImport: 34.421ms (5.472ms without children)
		UnloadImportedAssets: 0.121ms
		EnsureUptoDateAssetsAreRegisteredWithGuidPM: 0.201ms
		ImportSchedulerStart: 57.553ms
	PostProcessAllAssets: 408.390ms
		VCAutoAddAssetPostprocess 2.791ms
		XRBuildSystem.XRAssetImported 0.765ms
		PostProcessCallbackCreateDeferredMaterials 0.083ms
		MonoPostProcessAllAssets: 160.651ms
			AssetPostprocessor.OnPostprocessAllAssets 43.695ms
			StyleCatalogPostProcessor.OnPostprocessAllAssets 31.639ms
			WindowAssetPostprocessingWatcher.OnPostprocessAllAssets 24.491ms
			BuilderAssetPostprocessor.OnPostprocessAllAssets 10.033ms
			SyncVS.PostprocessSyncProject 8.301ms
			AssetChangedListener.OnPostprocessAllAssets 6.346ms
			RetainedModeAssetPostprocessor.OnPostprocessAllAssets 3.406ms
			SpeedTree9Postprocessor.OnPostprocessAllAssets 2.365ms
			EditModeScopePostprocessor.OnPostprocessAllAssets 2.286ms
			TextAssetPostProcessor.OnPostprocessAllAssets 2.199ms
			AssetEvents.OnPostprocessAllAssets 1.408ms
			ArtifactBrowserPostProcessor.OnPostprocessAllAssets 1.114ms
			ReferencedClipsPostProcessor.OnPostprocessAllAssets 1.026ms
			TerrainToolbarOverlayPostProcessor.OnPostprocessAllAssets 0.850ms
			SpeedTreePostProcessor.OnPostprocessAllAssets 0.662ms
			AudioMixerPostprocessor.OnPostprocessAllAssets 0.527ms
			ConfigAssetsTracker.OnPostprocessAllAssets 0.375ms
			ThemePostprocessor.OnPostprocessAllAssets 0.316ms
			AssetDatabaseCallbacks.OnPostprocessAllAssets 0.285ms
			RenderPipelineGlobalSettingsPostprocessor.OnPostprocessAllAssets 0.276ms
			ScenarioDriftAssetsTracker.OnPostprocessAllAssets 0.231ms
			AudioContainerPostProcessor.OnPostprocessAllAssets 0.140ms
	PostAssetChangesProfiler: 6.397ms
	UnloadStreamsBegin: 2.068ms
	PersistCurrentRevisions: 0.162ms
	GenerateScriptTypeHashes: 1.357ms
	GenerateScriptTypeSerializationHashes: 2.927ms
	Untracked: 2022.131ms

Application.AssetDatabase Initial Refresh End
Scanning for USB devices : 3.914ms
Initializing Unity extensions:
[MODES] ModeService[none].Initialize
[MODES] ModeService[none].LoadModes
[MODES] Loading mode Default (0) for mode-current-id-UnityNextViewer
Unloading 13 Unused Serialized files (Serialized files now loaded: 0)
Unloading 916 unused Assets / (2.0 MB). Loaded Objects now: 1633.
Memory consumption went from 237.3 MB to 235.3 MB.
Total: 10.956400 ms (FindLiveObjects: 0.667400 ms CreateObjectMapping: 0.081300 ms MarkObjects: 8.766600 ms  DeleteObjects: 1.150000 ms)

[WebGLBuilder] Starting automated WebGL build...
UnityEngine.Debug:ExtractStackTraceNoAlloc (byte*,int,string)
UnityEngine.StackTraceUtility:ExtractStackTrace ()
UnityEngine.DebugLogHandler:Internal_Log (UnityEngine.LogType,UnityEngine.LogOption,string,UnityEngine.Object)
UnityEngine.DebugLogHandler:LogFormat (UnityEngine.LogType,UnityEngine.Object,string,object[])
UnityEngine.Logger:Log (UnityEngine.LogType,object)
UnityEngine.Debug:Log (object)
UnityNextViewer.Editor.WebGLBuilder:BuildWebGL () (at Assets/Editor/WebGLBuilder.cs:16)

(Filename: Assets/Editor/WebGLBuilder.cs Line: 16)

[WebGLBuilder] Output directory target: D:\test\nextjs-app\public\unity-build
UnityEngine.Debug:ExtractStackTraceNoAlloc (byte*,int,string)
UnityEngine.StackTraceUtility:ExtractStackTrace ()
UnityEngine.DebugLogHandler:Internal_Log (UnityEngine.LogType,UnityEngine.LogOption,string,UnityEngine.Object)
UnityEngine.DebugLogHandler:LogFormat (UnityEngine.LogType,UnityEngine.Object,string,object[])
UnityEngine.Logger:Log (UnityEngine.LogType,object)
UnityEngine.Debug:Log (object)
UnityNextViewer.Editor.WebGLBuilder:BuildWebGL () (at Assets/Editor/WebGLBuilder.cs:34)

(Filename: Assets/Editor/WebGLBuilder.cs Line: 34)

Unloading 0 Unused Serialized files (Serialized files now loaded: 0)
Unloading 0 unused Assets / (0 B). Loaded Objects now: 1633.
Memory consumption went from 234.7 MB to 234.7 MB.
Total: 8.729600 ms (FindLiveObjects: 0.243600 ms CreateObjectMapping: 0.027500 ms MarkObjects: 8.228800 ms  DeleteObjects: 0.007900 ms)

Importing 'GUID: 271641a5dd4133d4e8a9e66adce11a91 - Path: Assets/Scenes/MainScene.unity' with importer (DefaultImporter)
Imported 'GUID: 271641a5dd4133d4e8a9e66adce11a91' -> (Import Result ID: '0a53c50b084615acdf2472fb7804661f') in 0.005 seconds [static dependencies only]. Details - ImportResultOutputID=fa4a1d81a6ea52a2c951e8cbb4eefe9c DependenciesID=1e3a6393eeb8bac20c5a6a8974855ab5 StaticDependenciesID=881512ac9207ce056a77215092c0cfea 
Asset Pipeline Refresh (id=bd5f1081cd7b59c4eb66f798869d4f4c): Total: 0.063 seconds - Initiated by StopAssetImportingV2(NoUpdateAssetOptions)
[WebGLBuilder] Scene created and saved to Assets/Scenes/MainScene.unity
UnityEngine.Debug:ExtractStackTraceNoAlloc (byte*,int,string)
UnityEngine.StackTraceUtility:ExtractStackTrace ()
UnityEngine.DebugLogHandler:Internal_Log (UnityEngine.LogType,UnityEngine.LogOption,string,UnityEngine.Object)
UnityEngine.DebugLogHandler:LogFormat (UnityEngine.LogType,UnityEngine.Object,string,object[])
UnityEngine.Logger:Log (UnityEngine.LogType,object)
UnityEngine.Debug:Log (object)
UnityNextViewer.Editor.WebGLBuilder:EnsureSceneSetup (string) (at Assets/Editor/WebGLBuilder.cs:133)
UnityNextViewer.Editor.WebGLBuilder:BuildWebGL () (at Assets/Editor/WebGLBuilder.cs:44)

(Filename: Assets/Editor/WebGLBuilder.cs Line: 133)

[WebGLBuilder] Executing BuildPipeline.BuildPlayer...
UnityEngine.Debug:ExtractStackTraceNoAlloc (byte*,int,string)
UnityEngine.StackTraceUtility:ExtractStackTrace ()
UnityEngine.DebugLogHandler:Internal_Log (UnityEngine.LogType,UnityEngine.LogOption,string,UnityEngine.Object)
UnityEngine.DebugLogHandler:LogFormat (UnityEngine.LogType,UnityEngine.Object,string,object[])
UnityEngine.Logger:Log (UnityEngine.LogType,object)
UnityEngine.Debug:Log (object)
UnityNextViewer.Editor.WebGLBuilder:BuildWebGL () (at Assets/Editor/WebGLBuilder.cs:67)

(Filename: Assets/Editor/WebGLBuilder.cs Line: 67)

Importing 'GUID: b7abcc1424e7ff047b798584c62c3f70 - Path: Assets/Resources' with importer (DefaultImporter)
Imported 'GUID: b7abcc1424e7ff047b798584c62c3f70' -> (Import Result ID: '47b586f397c76d04bc45336481d99be6') in 0.006 seconds [static dependencies only]. Details - ImportResultOutputID=434c2e5f2ff9772c2bab21257e6fe4ae DependenciesID=131f3c39ddda675301359578b4aa2b35 StaticDependenciesID=0ec626bdbc391c27c2857009732660da 
Asset Pipeline Refresh (id=61233dc102e601242a8570e1709551d8): Total: 0.068 seconds - Initiated by StopAssetImportingV2(NoUpdateAssetOptions)
[TestRunBuilder] Creating new file 'Assets/Resources/PerformanceTestRunInfo.json' (1761 bytes)
UnityEngine.Debug:ExtractStackTraceNoAlloc (byte*,int,string)
UnityEngine.StackTraceUtility:ExtractStackTrace ()
UnityEngine.DebugLogHandler:Internal_Log (UnityEngine.LogType,UnityEngine.LogOption,string,UnityEngine.Object)
UnityEngine.DebugLogHandler:LogFormat (UnityEngine.LogType,UnityEngine.Object,string,object[])
UnityEngine.Logger:Log (UnityEngine.LogType,object)
UnityEngine.Debug:Log (object)
Unity.PerformanceTesting.Editor.TestRunBuilder:SaveToStorage (object,string) (at ./Library/PackageCache/com.unity.test-framework.performance@0a60b857a52e/Editor/TestRunBuilder.cs:242)
Unity.PerformanceTesting.Editor.TestRunBuilder:OnPreprocessBuild (UnityEditor.Build.Reporting.BuildReport) (at ./Library/PackageCache/com.unity.test-framework.performance@0a60b857a52e/Editor/TestRunBuilder.cs:35)
UnityEditor.Build.BuildPipelineInterfaces/<>c__DisplayClass17_0:<OnBuildPreProcess>b__1 (UnityEditor.Build.IPreprocessBuildWithReport)
UnityEditor.Build.BuildPipelineInterfaces:InvokeCallbackInterfacesPair<UnityEditor.Build.IPreprocessBuild, UnityEditor.Build.IPreprocessBuildWithReport> (System.Collections.Generic.List`1<UnityEditor.Build.IPreprocessBuild>,System.Action`1<UnityEditor.Build.IPreprocessBuild>,System.Collections.Generic.List`1<UnityEditor.Build.IPreprocessBuildWithReport>,System.Action`1<UnityEditor.Build.IPreprocessBuildWithReport>,bool)
UnityEditor.Build.BuildPipelineInterfaces:OnBuildPreProcess (UnityEditor.Build.Reporting.BuildReport)
UnityEditor.BuildPipeline:BuildPlayerInternal (string[],string,string,UnityEditor.BuildTargetGroup,UnityEditor.BuildTarget,int,UnityEditor.BuildOptions,string[],string[],bool)
UnityEditor.BuildPipeline:BuildPlayer (UnityEditor.BuildPlayerOptions)
UnityNextViewer.Editor.WebGLBuilder:BuildWebGL () (at Assets/Editor/WebGLBuilder.cs:68)

(Filename: ./Library/PackageCache/com.unity.test-framework.performance@0a60b857a52e/Editor/TestRunBuilder.cs Line: 242)

[TestRunBuilder] Creating new file 'Assets/Resources/PerformanceTestRunSettings.json' (23 bytes)
UnityEngine.Debug:ExtractStackTraceNoAlloc (byte*,int,string)
UnityEngine.StackTraceUtility:ExtractStackTrace ()
UnityEngine.DebugLogHandler:Internal_Log (UnityEngine.LogType,UnityEngine.LogOption,string,UnityEngine.Object)
UnityEngine.DebugLogHandler:LogFormat (UnityEngine.LogType,UnityEngine.Object,string,object[])
UnityEngine.Logger:Log (UnityEngine.LogType,object)
UnityEngine.Debug:Log (object)
Unity.PerformanceTesting.Editor.TestRunBuilder:SaveToStorage (object,string) (at ./Library/PackageCache/com.unity.test-framework.performance@0a60b857a52e/Editor/TestRunBuilder.cs:242)
Unity.PerformanceTesting.Editor.TestRunBuilder:OnPreprocessBuild (UnityEditor.Build.Reporting.BuildReport) (at ./Library/PackageCache/com.unity.test-framework.performance@0a60b857a52e/Editor/TestRunBuilder.cs:38)
UnityEditor.Build.BuildPipelineInterfaces/<>c__DisplayClass17_0:<OnBuildPreProcess>b__1 (UnityEditor.Build.IPreprocessBuildWithReport)
UnityEditor.Build.BuildPipelineInterfaces:InvokeCallbackInterfacesPair<UnityEditor.Build.IPreprocessBuild, UnityEditor.Build.IPreprocessBuildWithReport> (System.Collections.Generic.List`1<UnityEditor.Build.IPreprocessBuild>,System.Action`1<UnityEditor.Build.IPreprocessBuild>,System.Collections.Generic.List`1<UnityEditor.Build.IPreprocessBuildWithReport>,System.Action`1<UnityEditor.Build.IPreprocessBuildWithReport>,bool)
UnityEditor.Build.BuildPipelineInterfaces:OnBuildPreProcess (UnityEditor.Build.Reporting.BuildReport)
UnityEditor.BuildPipeline:BuildPlayerInternal (string[],string,string,UnityEditor.BuildTargetGroup,UnityEditor.BuildTarget,int,UnityEditor.BuildOptions,string[],string[],bool)
UnityEditor.BuildPipeline:BuildPlayer (UnityEditor.BuildPlayerOptions)
UnityNextViewer.Editor.WebGLBuilder:BuildWebGL () (at Assets/Editor/WebGLBuilder.cs:68)

(Filename: ./Library/PackageCache/com.unity.test-framework.performance@0a60b857a52e/Editor/TestRunBuilder.cs Line: 242)

Importing 'GUID: 00000000000000004000000000000000 - Path: ProjectSettings/ProjectSettings.asset' with importer (LibraryAssetImporter)
Imported 'GUID: 00000000000000004000000000000000' -> (Import Result ID: '763b2a4f143edccc18418eaa54e04361') in 0.002 seconds [static dependencies only]. Details - ImportResultOutputID=054c890a8f4b6dddbea933bc5e4b7df4 DependenciesID=a3d6bd57058713e533badc1e4bfdeb98 StaticDependenciesID=a735ba29066293bd16a6e3ce77123471 
Asset Pipeline Refresh (id=ecde956fba59151449524bd4c6947752): Total: 0.024 seconds - Initiated by StopAssetImportingV2(NoUpdateAssetOptions)
Starting: D:\unity\6000.6.0f1\Editor\Data\Tools\BuildPipeline\bee_backend.exe --ipc --defer-dag-verification --dagfile="Library/Bee/2000b0aESkipCompile.dag" --continue-on-failure --profile="Library/Bee/backend1.traceevents" ScriptAssembliesAndTypeDB
WorkingDir: D:/test/unity-project
ExitCode: 0 Duration: 1s155ms
[2/3        1s] BuildPlayerDataGenerator Library/BuildPlayerData/Editor/TypeDb-All.json
*** Tundra build success (1.07 seconds), 1 items updated, 3 evaluated
Importing 'GUID: 4840e49d2159f554fb6372de6087c646 - Path: Assets/Resources/PerformanceTestRunSettings.json' with importer (TextScriptImporter)
Imported 'GUID: 4840e49d2159f554fb6372de6087c646' -> (Import Result ID: '94aff445ffc74503d17a15dbc382b18f') in 0.005 seconds [static dependencies only]. Details - ImportResultOutputID=c2010335ebb8647264215f1cf8aff67e DependenciesID=238258234f83d30204d688fff1ded3b2 StaticDependenciesID=ed261a85c7df8cadbd7a790e571a5630 
Importing 'GUID: ba4aa5125c2d87e49afa59740f07ba30 - Path: Assets/Resources/PerformanceTestRunInfo.json' with importer (TextScriptImporter)
Imported 'GUID: ba4aa5125c2d87e49afa59740f07ba30' -> (Import Result ID: 'a81a08d94220f219dfbe841693c5ff26') in 0.004 seconds [static dependencies only]. Details - ImportResultOutputID=c27ada32d41ea602737d68d23ac780eb DependenciesID=2d6d46a9e69ea5c7529f654073b5b813 StaticDependenciesID=2fc757c218c097891a39ce9584d89e89 
Asset Pipeline Refresh (id=dae62a2bc930c55409c84613e732c285): Total: 0.050 seconds - Initiated by RefreshV2(NoUpdateAssetOptions)
[ScriptCompilation] Requested script compilation because: Recompiling scripts for player build.
BuildPlayer: start building target 20
Worker ready: AssetImportWorkerHW0 0
Starting: D:\unity\6000.6.0f1\Editor\Data\Tools\BuildPipeline\bee_backend.exe --ipc --defer-dag-verification --dagfile="Library/Bee/2000b0aP.dag" --continue-on-failure --profile="Library/Bee/backend1.traceevents" ScriptAssembliesAndTypeDB
WorkingDir: D:/test/unity-project
Total cache size 129106330
Total cache size after purge 129106330, took 00:00:00.3080439
ExitCode: 0 Duration: 0s643ms
[284/393    0s] WriteResponseFile Library/Bee/artifacts/rsp/4747638433968585886.rsp
[351/393    0s] ILPP-Configuration Library/ilpp-configuration.nevergeneratedoutput
[365/393    0s] CopyFiles Library/Bee/PlayerScriptAssemblies/glTFast.Documentation.Examples.dll
[366/393    0s] CopyFiles Library/Bee/PlayerScriptAssemblies/Unity.Collections.pdb
[367/393    0s] CopyFiles Library/Bee/PlayerScriptAssemblies/Assembly-CSharp.dll
[368/393    0s] CopyFiles Library/Bee/PlayerScriptAssemblies/Unity.Collections.Tests.CoreCLR.PublicJobPrivateGeneric.dll
[369/393    0s] CopyFiles Library/Bee/PlayerScriptAssemblies/Unity.Collections.dll
[370/393    0s] CopyFiles Library/Bee/PlayerScriptAssemblies/Unity.Collections.Tests.CoreCLR.ProtectedJobNested.dll
[371/393    0s] CopyFiles Library/Bee/PlayerScriptAssemblies/Unity.Burst.dll
[372/393    0s] CopyFiles Library/Bee/PlayerScriptAssemblies/Unity.Burst.pdb
[373/393    0s] CopyFiles Library/Bee/PlayerScriptAssemblies/Assembly-CSharp.pdb
[374/393    0s] CopyFiles Library/Bee/PlayerScriptAssemblies/glTFast.Newtonsoft.dll
[375/393    0s] CopyFiles Library/Bee/PlayerScriptAssemblies/Unity.Mathematics.dll
[376/393    0s] CopyFiles Library/Bee/PlayerScriptAssemblies/glTFast.dots.dll
[377/393    0s] CopyFiles Library/Bee/PlayerScriptAssemblies/Unity.Collections.Tests.CoreCLR.PrivateJobNested.dll
[378/393    0s] CopyFiles Library/Bee/PlayerScriptAssemblies/glTFast.Export.dll
[379/393    0s] CopyFiles Library/Bee/PlayerScriptAssemblies/Unity.Collections.Tests.CoreCLR.InternalJobNestedPrivate.dll
[380/393    0s] CopyFiles Library/Bee/PlayerScriptAssemblies/glTFast.dll
[381/393    0s] CopyFiles Library/Bee/PlayerScriptAssemblies/Unity.Collections.Tests.CoreCLR.InternalJobNestedPrivate.pdb
[382/393    0s] CopyFiles Library/Bee/PlayerScriptAssemblies/glTFast.pdb
[383/393    0s] CopyFiles Library/Bee/PlayerScriptAssemblies/glTFast.Newtonsoft.pdb
[384/393    0s] CopyFiles Library/Bee/PlayerScriptAssemblies/Unity.Mathematics.pdb
[385/393    0s] CopyFiles Library/Bee/PlayerScriptAssemblies/glTFast.dots.pdb
[386/393    0s] CopyFiles Library/Bee/PlayerScriptAssemblies/Unity.Collections.Tests.CoreCLR.ProtectedJobNested.pdb
[387/393    0s] CopyFiles Library/Bee/PlayerScriptAssemblies/Unity.Collections.Tests.CoreCLR.PrivateJobNested.pdb
[388/393    0s] CopyFiles Library/Bee/PlayerScriptAssemblies/glTFast.Documentation.Examples.pdb
[389/393    0s] CopyFiles Library/Bee/PlayerScriptAssemblies/glTFast.Export.pdb
[390/393    0s] CopyFiles Library/Bee/PlayerScriptAssemblies/Unity.Collections.Tests.CoreCLR.PublicJobPrivateGeneric.pdb
*** Tundra build success (0.57 seconds), 28 items updated, 393 evaluated
Rebuilding Data files because Assets/Scenes/MainScene.unity is dirty (hash)
Total cache size 129106330
Total cache size after purge 129106330, took 00:00:00.4211161


Mono dependencies included in the build
Dependency assembly - System.IO.Compression.FileSystem.dll
Dependency assembly - System.Xml.Serialization.dll
Dependency assembly - System.Net.Mail.dll
Dependency assembly - System.Threading.Timer.dll
Dependency assembly - System.Runtime.CompilerServices.VisualC.dll
Dependency assembly - System.Diagnostics.TraceEvent.dll
Dependency assembly - System.ServiceModel.Routing.dll
Dependency assembly - System.Xml.XPath.dll
Dependency assembly - System.Windows.Forms.dll
Dependency assembly - mscorlib.dll
Dependency assembly - System.ObjectModel.dll
Dependency assembly - System.Web.ApplicationServices.dll
Dependency assembly - System.IO.MemoryMappedFiles.dll
Dependency assembly - Microsoft.Extensions.DependencyInjection.Abstractions.dll
Dependency assembly - System.Text.Encodings.Web.dll
Dependency assembly - System.Runtime.Caching.dll
Dependency assembly - System.Linq.Expressions.dll
Dependency assembly - System.DirectoryServices.dll
Dependency assembly - System.ServiceModel.Activation.dll
Dependency assembly - Mono.Data.Tds.dll
Dependency assembly - System.Security.Cryptography.Cng.dll
Dependency assembly - System.Data.OracleClient.dll
Dependency assembly - System.ServiceModel.Web.dll
Dependency assembly - System.Buffers.dll
Dependency assembly - System.Net.WebHeaderCollection.dll
Dependency assembly - System.Net.WebSockets.dll
Dependency assembly - System.Xml.Linq.dll
Dependency assembly - System.Globalization.dll
Dependency assembly - System.Security.Claims.dll
Dependency assembly - glTFast.Export.dll
Dependency assembly - System.Runtime.InteropServices.dll
Dependency assembly - Unity.Collections.Tests.CoreCLR.ProtectedJobNested.dll
Dependency assembly - Unity.Collections.Tests.CoreCLR.InternalJobNestedPrivate.dll
Dependency assembly - System.IO.FileSystem.dll
Dependency assembly - System.Net.AuthenticationManager.dll
Dependency assembly - glTFast.dll
Dependency assembly - System.Security.Principal.Windows.dll
Dependency assembly - System.Net.Security.dll
Dependency assembly - System.Threading.Tasks.dll
Dependency assembly - System.Security.Cryptography.OpenSsl.dll
Dependency assembly - System.Diagnostics.TraceSource.dll
Dependency assembly - System.Security.Cryptography.Encoding.dll
Dependency assembly - System.Threading.dll
Dependency assembly - Assembly-CSharp.dll
Dependency assembly - System.Security.Cryptography.Algorithms.dll
Dependency assembly - System.IO.Hashing.dll
Dependency assembly - System.Runtime.Serialization.dll
Dependency assembly - System.IO.UnmanagedMemoryStream.dll
Dependency assembly - System.Threading.ThreadPool.dll
Dependency assembly - System.Resources.ReaderWriter.dll
Dependency assembly - System.Net.Ping.dll
Dependency assembly - System.Diagnostics.Tools.dll
Dependency assembly - System.Web.DynamicData.dll
Dependency assembly - Unity.Collections.Tests.CoreCLR.PublicJobPrivateGeneric.dll
Dependency assembly - System.Security.Cryptography.RSA.dll
Dependency assembly - System.Xml.Xsl.Primitives.dll
Dependency assembly - System.IO.FileSystem.DriveInfo.dll
Dependency assembly - System.Security.Cryptography.Pkcs.dll
Dependency assembly - System.Security.Cryptography.RandomNumberGenerator.dll
Dependency assembly - System.ComponentModel.EventBasedAsync.dll
Dependency assembly - System.Reflection.DispatchProxy.dll
Dependency assembly - Microsoft.CSharp.dll
Dependency assembly - System.Reflection.Context.dll
Dependency assembly - System.Reflection.dll
Dependency assembly - System.Diagnostics.FileVersionInfo.dll
Dependency assembly - System.ServiceModel.NetTcp.dll
Dependency assembly - System.Messaging.dll
Dependency assembly - System.Numerics.Vectors.dll
Dependency assembly - System.Resources.Writer.dll
Dependency assembly - System.Diagnostics.Tracing.dll
Dependency assembly - System.Security.Cryptography.Encryption.dll
Dependency assembly - System.Data.Linq.dll
Dependency assembly - Unity.Collections.Tests.CoreCLR.PrivateJobNested.dll
Dependency assembly - System.ComponentModel.Composition.dll
Dependency assembly - Mono.Data.Sqlite.dll
Dependency assembly - glTFast.dots.dll
Dependency assembly - System.IO.Compression.dll
Dependency assembly - System.Threading.Overlapped.dll
Dependency assembly - System.Diagnostics.TextWriterTraceListener.dll
Dependency assembly - System.Xml.XDocument.dll
Dependency assembly - System.Windows.Forms.DataVisualization.dll
Dependency assembly - System.Runtime.Loader.dll
Dependency assembly - System.IO.FileSystem.AccessControl.dll
Dependency assembly - System.ServiceProcess.ServiceController.dll
Dependency assembly - System.Xml.dll
Dependency assembly - System.Diagnostics.Contracts.dll
Dependency assembly - System.Runtime.Serialization.Formatters.dll
Dependency assembly - I18N.CJK.dll
Dependency assembly - System.Security.Cryptography.DeriveBytes.dll
Dependency assembly - I18N.West.dll
Dependency assembly - System.Text.Json.dll
Dependency assembly - System.Runtime.InteropServices.WindowsRuntime.dll
Dependency assembly - System.Net.Sockets.dll
Dependency assembly - System.Collections.NonGeneric.dll
Dependency assembly - System.Text.Encoding.Extensions.dll
Dependency assembly - System.Console.dll
Dependency assembly - I18N.dll
Dependency assembly - System.Runtime.Remoting.dll
Dependency assembly - System.Core.dll
Dependency assembly - System.Web.RegularExpressions.dll
Dependency assembly - System.Xaml.dll
Dependency assembly - System.IO.Pipes.dll
Dependency assembly - System.Security.Cryptography.Hashing.Algorithms.dll
Dependency assembly - System.IdentityModel.Selectors.dll
Dependency assembly - System.Threading.Tasks.Extensions.dll
Dependency assembly - System.Runtime.Serialization.Json.dll
Dependency assembly - System.Security.dll
Dependency assembly - System.Runtime.InteropServices.RuntimeInformation.dll
Dependency assembly - System.ComponentModel.Annotations.dll
Dependency assembly - System.Windows.dll
Dependency assembly - System.IO.Compression.ZipFile.dll
Dependency assembly - System.Net.Http.WebRequest.dll
Dependency assembly - System.IO.dll
Dependency assembly - System.Numerics.dll
Dependency assembly - System.Dynamic.Runtime.dll
Dependency assembly - System.ServiceModel.Discovery.dll
Dependency assembly - System.Net.Http.dll
Dependency assembly - System.Security.Cryptography.Encryption.Aes.dll
Dependency assembly - System.ServiceModel.Security.dll
Dependency assembly - Microsoft.Bcl.AsyncInterfaces.dll
Dependency assembly - I18N.Rare.dll
Dependency assembly - System.Runtime.CompilerServices.Unsafe.dll
Dependency assembly - I18N.MidEast.dll
Dependency assembly - System.Web.Extensions.Design.dll
Dependency assembly - System.IO.FileSystem.Watcher.dll
Dependency assembly - System.Runtime.Numerics.dll
Dependency assembly - System.Json.dll
Dependency assembly - System.Xml.XPath.XDocument.dll
Dependency assembly - System.Reflection.Emit.Lightweight.dll
Dependency assembly - System.Security.Cryptography.Csp.dll
Dependency assembly - System.Net.ServicePoint.dll
Dependency assembly - System.Xml.ReaderWriter.dll
Dependency assembly - System.DirectoryServices.Protocols.dll
Dependency assembly - System.Security.Cryptography.ProtectedData.dll
Dependency assembly - System.IdentityModel.dll
Dependency assembly - System.Net.Primitives.dll
Dependency assembly - System.Collections.Specialized.dll
Dependency assembly - System.Configuration.Install.dll
Dependency assembly - System.Threading.AccessControl.dll
Dependency assembly - System.Security.Cryptography.Encryption.ECDiffieHellman.dll
Dependency assembly - System.Data.Services.Client.dll
Dependency assembly - System.Runtime.Serialization.Primitives.dll
Dependency assembly - System.Globalization.Calendars.dll
Dependency assembly - System.Net.Requests.dll
Dependency assembly - System.Web.dll
Dependency assembly - System.Linq.Queryable.dll
Dependency assembly - Unity.Collections.dll
Dependency assembly - System.Linq.Parallel.dll
Dependency assembly - System.Reflection.Emit.ILGeneration.dll
Dependency assembly - System.ServiceModel.Internals.dll
Dependency assembly - System.Diagnostics.StackTrace.dll
Dependency assembly - System.Runtime.DurableInstancing.dll
Dependency assembly - System.Diagnostics.Debug.dll
Dependency assembly - System.Linq.dll
Dependency assembly - System.Collections.Immutable.dll
Dependency assembly - System.Configuration.dll
Dependency assembly - System.Security.Cryptography.Hashing.dll
Dependency assembly - System.Net.NetworkInformation.dll
Dependency assembly - System.Security.SecureString.dll
Dependency assembly - System.IO.IsolatedStorage.dll
Dependency assembly - System.Data.Services.dll
Dependency assembly - System.Net.HttpListener.dll
Dependency assembly - Microsoft.Win32.Primitives.dll
Dependency assembly - System.Net.NameResolution.dll
Dependency assembly - Microsoft.Win32.Registry.dll
Dependency assembly - System.Text.Encoding.dll
Dependency assembly - System.EnterpriseServices.dll
Dependency assembly - System.Net.Cache.dll
Dependency assembly - System.AppContext.dll
Dependency assembly - Microsoft.Win32.Registry.AccessControl.dll
Dependency assembly - System.Data.DataSetExtensions.dll
Dependency assembly - System.Text.RegularExpressions.dll
Dependency assembly - System.Reflection.Metadata.dll
Dependency assembly - System.ComponentModel.dll
Dependency assembly - System.Data.dll
Dependency assembly - System.Security.AccessControl.dll
Dependency assembly - System.Drawing.Primitives.dll
Dependency assembly - System.ServiceModel.Http.dll
Dependency assembly - System.Collections.Concurrent.dll
Dependency assembly - System.Security.Principal.dll
Dependency assembly - glTFast.Documentation.Examples.dll
Dependency assembly - I18N.Other.dll
Dependency assembly - System.ServiceModel.Primitives.dll
Dependency assembly - System.Security.Cryptography.Encryption.ECDsa.dll
Dependency assembly - System.Security.Cryptography.Primitives.dll
Dependency assembly - System.ValueTuple.dll
Dependency assembly - Unity.Burst.dll
Dependency assembly - System.ServiceModel.dll
Dependency assembly - System.Drawing.dll
Dependency assembly - Mono.Security.dll
Dependency assembly - System.Transactions.dll
Dependency assembly - System.Web.Extensions.dll
Dependency assembly - System.Security.Cryptography.X509Certificates.dll
Dependency assembly - System.ComponentModel.TypeConverter.dll
Dependency assembly - System.Web.Services.dll
Dependency assembly - System.Resources.ResourceManager.dll
Dependency assembly - System.Reflection.Emit.dll
Dependency assembly - System.Collections.dll
Dependency assembly - System.Data.Common.dll
Dependency assembly - glTFast.Newtonsoft.dll
Dependency assembly - netstandard.dll
Dependency assembly - System.Runtime.dll
Dependency assembly - Unity.Collections.LowLevel.ILSupport.dll
Dependency assembly - System.Management.dll
Dependency assembly - System.Text.Encoding.CodePages.dll
Dependency assembly - System.Data.Entity.dll
Dependency assembly - System.Net.dll
Dependency assembly - System.Resources.Reader.dll
Dependency assembly - System.Xml.XPath.XmlDocument.dll
Dependency assembly - System.Threading.Thread.dll
Dependency assembly - System.Globalization.Extensions.dll
Dependency assembly - Accessibility.dll
Dependency assembly - Unity.Mathematics.dll
Dependency assembly - System.Runtime.Handles.dll
Dependency assembly - System.Threading.Tasks.Parallel.dll
Dependency assembly - System.Diagnostics.DiagnosticSource.dll
Dependency assembly - System.ServiceProcess.dll
Dependency assembly - System.Diagnostics.Process.dll
Dependency assembly - System.Xml.XmlDocument.dll
Dependency assembly - System.Xml.XmlSerializer.dll
Dependency assembly - System.ComponentModel.DataAnnotations.dll
Dependency assembly - System.Data.SqlClient.dll
Dependency assembly - System.dll
Dependency assembly - System.Net.Utilities.dll
Dependency assembly - System.Drawing.Design.dll
Dependency assembly - System.Runtime.Extensions.dll
Dependency assembly - System.Net.WebSockets.Client.dll
Dependency assembly - Microsoft.Extensions.Logging.Abstractions.dll
Dependency assembly - System.Design.dll
Dependency assembly - System.Memory.dll
Dependency assembly - System.Reflection.TypeExtensions.dll
Dependency assembly - System.Runtime.Serialization.Xml.dll
Dependency assembly - System.IO.FileSystem.Primitives.dll
Dependency assembly - System.ComponentModel.Primitives.dll
Dependency assembly - System.Reflection.Extensions.dll
Dependency assembly - System.Reflection.Primitives.dll
Dependency assembly - System.Runtime.Serialization.Formatters.Soap.dll
Dependency assembly - System.ServiceModel.Duplex.dll

Opening scene 'Assets/Scenes/MainScene.unity'
Unloading 1 Unused Serialized files (Serialized files now loaded: 0)
Loaded scene 'Assets/Scenes/MainScene.unity'
	Deserialize:            1.465 ms
	Integration:            8.875 ms
	Integration of assets:  0.003 ms
	Thread Wait Time:       61.525 ms
	Total Operation Time:   71.868 ms
Unloading 30 unused Assets / (0.8 MB). Loaded Objects now: 1658.
Memory consumption went from 242.2 MB to 241.3 MB.
Total: 12.332000 ms (FindLiveObjects: 0.284600 ms CreateObjectMapping: 0.038000 ms MarkObjects: 11.352900 ms  DeleteObjects: 0.430800 ms)

Unloading 4 Unused Serialized files (Serialized files now loaded: 0)
Unloading 22 unused Assets / (0.8 MB). Loaded Objects now: 1651.
Memory consumption went from 242.1 MB to 241.3 MB.
Total: 10.644500 ms (FindLiveObjects: 0.259000 ms CreateObjectMapping: 0.031100 ms MarkObjects: 9.713500 ms  DeleteObjects: 0.409900 ms)

Unloading 0 Unused Serialized files (Serialized files now loaded: 0)
Unloading 0 unused Assets / (Unknown). Loaded Objects now: 1651.
Memory consumption went from 241.2 MB to 241.2 MB.
Total: 9.905100 ms (FindLiveObjects: 0.313100 ms CreateObjectMapping: 0.031200 ms MarkObjects: 9.285000 ms  DeleteObjects: 0.008900 ms)

Unloading 1 Unused Serialized files (Serialized files now loaded: 0)
Unloading 180 unused Assets / (149.9 MB). Loaded Objects now: 1651.
Memory consumption went from 392.2 MB to 242.3 MB.
Total: 23.270400 ms (FindLiveObjects: 0.406600 ms CreateObjectMapping: 0.035900 ms MarkObjects: 7.913200 ms  DeleteObjects: 14.649600 ms)

Compiling shader "Skybox/Procedural"
  Pass "" (vp)
    Target graphics API: gles3
    Full variant space:         3
    After settings filtering:   3
    After built-in stripping:   3
    After scriptable stripping: 3
    Processed in 0.01 seconds
  Pass  (vp, gles3) finished in 0.00 seconds. Local cache hits 3 (0.00s CPU time), remote cache hits 0 (0.00s CPU time), compiled 0 variants (0.00s CPU time), skipped 0 variants.
    Prepared data for serialisation in 0.00s
Serialized binary data for shader Skybox/Procedural in 0.00s
    gles3 (total internal programs: 3, unique: 3)
Compiling shader "Legacy Shaders/VertexLit"
  Pass "" (vp)
    Target graphics API: gles3
    Full variant space:         12
    After settings filtering:   12
    After built-in stripping:   3
    After scriptable stripping: 3
    Processed in 0.00 seconds
  Pass "" (vp)
    Target graphics API: gles3
    Full variant space:         4
    After settings filtering:   4
    After built-in stripping:   1
    After scriptable stripping: 1
    Processed in 0.00 seconds
  Pass "ShadowCaster" (vp)
    Target graphics API: gles3
    Full variant space:         4
    After settings filtering:   4
    After built-in stripping:   2
    After scriptable stripping: 2
    Processed in 0.00 seconds
  Pass  (vp, gles3) finished in 0.00 seconds. Local cache hits 3 (0.00s CPU time), remote cache hits 0 (0.00s CPU time), compiled 0 variants (0.00s CPU time), skipped 0 variants.
    Prepared data for serialisation in 0.00s
  Pass  (vp, gles3) finished in 0.00 seconds. Local cache hits 1 (0.00s CPU time), remote cache hits 0 (0.00s CPU time), compiled 0 variants (0.00s CPU time), skipped 0 variants.
    Prepared data for serialisation in 0.00s
  Pass ShadowCaster (vp, gles3) finished in 0.00 seconds. Local cache hits 2 (0.00s CPU time), remote cache hits 0 (0.00s CPU time), compiled 0 variants (0.00s CPU time), skipped 0 variants.
    Prepared data for serialisation in 0.00s
Serialized binary data for shader Legacy Shaders/VertexLit in 0.00s
    gles3 (total internal programs: 6, unique: 6)
Compiling shader "Legacy Shaders/Diffuse"
  Pass "FORWARD" (vp)
    Target graphics API: gles3
    Full variant space:         664
    After settings filtering:   664
    After built-in stripping:   8
    After scriptable stripping: 8
    Processed in 0.00 seconds
  Pass "FORWARD" (vp)
    Target graphics API: gles3
    Full variant space:         20
    After settings filtering:   20
    After built-in stripping:   5
    After scriptable stripping: 5
    Processed in 0.00 seconds
  Pass "DEFERRED" (vp)
    Target graphics API: gles3
    Full variant space:         76
    After settings filtering:   76
    After built-in stripping:   4
    After scriptable stripping: 4
    Processed in 0.00 seconds
  Pass FORWARD (vp, gles3) finished in 0.00 seconds. Local cache hits 8 (0.03s CPU time), remote cache hits 0 (0.00s CPU time), compiled 0 variants (0.00s CPU time), skipped 0 variants.
    Prepared data for serialisation in 0.00s
  Pass FORWARD (vp, gles3) finished in 0.00 seconds. Local cache hits 5 (0.02s CPU time), remote cache hits 0 (0.00s CPU time), compiled 0 variants (0.00s CPU time), skipped 0 variants.
    Prepared data for serialisation in 0.00s
  Pass DEFERRED (vp, gles3) finished in 0.00 seconds. Local cache hits 4 (0.01s CPU time), remote cache hits 0 (0.00s CPU time), compiled 0 variants (0.00s CPU time), skipped 0 variants.
    Prepared data for serialisation in 0.00s
Serialized binary data for shader Legacy Shaders/Diffuse in 0.00s
    gles3 (total internal programs: 17, unique: 17)
Compiling shader "Hidden/Internal-StencilWrite"
  Pass "" (vp)
    Target graphics API: gles3
    Full variant space:         1
    After settings filtering:   1
    After built-in stripping:   1
    After scriptable stripping: 1
    Processed in 0.00 seconds
  Pass  (vp, gles3) finished in 0.00 seconds. Local cache hits 1 (0.00s CPU time), remote cache hits 0 (0.00s CPU time), compiled 0 variants (0.00s CPU time), skipped 0 variants.
    Prepared data for serialisation in 0.00s
Serialized binary data for shader Hidden/Internal-StencilWrite in 0.00s
    gles3 (total internal programs: 1, unique: 1)
Compiling shader "Hidden/Internal-DepthNormalsTexture"
  Pass "" (vp)
    Target graphics API: gles3
    Full variant space:         1
    After settings filtering:   1
    After built-in stripping:   1
    After scriptable stripping: 1
    Processed in 0.00 seconds
  Pass "" (vp)
    Target graphics API: gles3
    Full variant space:         1
    After settings filtering:   1
    After built-in stripping:   1
    After scriptable stripping: 1
    Processed in 0.00 seconds
  Pass "" (vp)
    Target graphics API: gles3
    Full variant space:         1
    After settings filtering:   1
    After built-in stripping:   1
    After scriptable stripping: 1
    Processed in 0.00 seconds
  Pass "" (vp)
    Target graphics API: gles3
    Full variant space:         1
    After settings filtering:   1
    After built-in stripping:   1
    After scriptable stripping: 1
    Processed in 0.00 seconds
  Pass "" (vp)
    Target graphics API: gles3
    Full variant space:         1
    After settings filtering:   1
    After built-in stripping:   1
    After scriptable stripping: 1
    Processed in 0.00 seconds
  Pass "" (vp)
    Target graphics API: gles3
    Full variant space:         1
    After settings filtering:   1
    After built-in stripping:   1
    After scriptable stripping: 1
    Processed in 0.00 seconds
  Pass "" (vp)
    Target graphics API: gles3
    Full variant space:         1
    After settings filtering:   1
    After built-in stripping:   1
    After scriptable stripping: 1
    Processed in 0.00 seconds
  Pass "" (vp)
    Target graphics API: gles3
    Full variant space:         1
    After settings filtering:   1
    After built-in stripping:   1
    After scriptable stripping: 1
    Processed in 0.00 seconds
  Pass "" (vp)
    Target graphics API: gles3
    Full variant space:         1
    After settings filtering:   1
    After built-in stripping:   1
    After scriptable stripping: 1
    Processed in 0.00 seconds
  Pass "" (vp)
    Target graphics API: gles3
    Full variant space:         1
    After settings filtering:   1
    After built-in stripping:   1
    After scriptable stripping: 1
    Processed in 0.00 seconds
  Pass  (vp, gles3) finished in 0.00 seconds. Local cache hits 1 (0.00s CPU time), remote cache hits 0 (0.00s CPU time), compiled 0 variants (0.00s CPU time), skipped 0 variants.
    Prepared data for serialisation in 0.00s
  Pass  (vp, gles3) finished in 0.00 seconds. Local cache hits 1 (0.00s CPU time), remote cache hits 0 (0.00s CPU time), compiled 0 variants (0.00s CPU time), skipped 0 variants.
    Prepared data for serialisation in 0.00s
  Pass  (vp, gles3) finished in 0.00 seconds. Local cache hits 1 (0.00s CPU time), remote cache hits 0 (0.00s CPU time), compiled 0 variants (0.00s CPU time), skipped 0 variants.
    Prepared data for serialisation in 0.00s
  Pass  (vp, gles3) finished in 0.00 seconds. Local cache hits 1 (0.00s CPU time), remote cache hits 0 (0.00s CPU time), compiled 0 variants (0.00s CPU time), skipped 0 variants.
    Prepared data for serialisation in 0.00s
  Pass  (vp, gles3) finished in 0.00 seconds. Local cache hits 1 (0.00s CPU time), remote cache hits 0 (0.00s CPU time), compiled 0 variants (0.00s CPU time), skipped 0 variants.
    Prepared data for serialisation in 0.00s
  Pass  (vp, gles3) finished in 0.00 seconds. Local cache hits 1 (0.00s CPU time), remote cache hits 0 (0.00s CPU time), compiled 0 variants (0.00s CPU time), skipped 0 variants.
    Prepared data for serialisation in 0.00s
  Pass  (vp, gles3) finished in 0.00 seconds. Local cache hits 1 (0.00s CPU time), remote cache hits 0 (0.00s CPU time), compiled 0 variants (0.00s CPU time), skipped 0 variants.
    Prepared data for serialisation in 0.00s
  Pass  (vp, gles3) finished in 0.00 seconds. Local cache hits 1 (0.00s CPU time), remote cache hits 0 (0.00s CPU time), compiled 0 variants (0.00s CPU time), skipped 0 variants.
    Prepared data for serialisation in 0.00s
  Pass  (vp, gles3) finished in 0.00 seconds. Local cache hits 1 (0.00s CPU time), remote cache hits 0 (0.00s CPU time), compiled 0 variants (0.00s CPU time), skipped 0 variants.
    Prepared data for serialisation in 0.00s
  Pass  (vp, gles3) finished in 0.00 seconds. Local cache hits 1 (0.00s CPU time), remote cache hits 0 (0.00s CPU time), compiled 0 variants (0.00s CPU time), skipped 0 variants.
    Prepared data for serialisation in 0.00s
Serialized binary data for shader Hidden/Internal-DepthNormalsTexture in 0.00s
    gles3 (total internal programs: 10, unique: 10)
Compiling shader "Hidden/Internal-ScreenSpaceShadows"
  Pass "" (vp)
    Target graphics API: gles3
    Full variant space:         4
    After settings filtering:   4
    After built-in stripping:   4
    After scriptable stripping: 4
    Processed in 0.00 seconds
  Pass "" (vp)
    Target graphics API: gles3
    Full variant space:         4
    After settings filtering:   4
    After built-in stripping:   4
    After scriptable stripping: 4
    Processed in 0.00 seconds
  Pass "" (vp)
    Target graphics API: gles3
    Full variant space:         4
    After settings filtering:   4
    After built-in stripping:   4
    After scriptable stripping: 4
    Processed in 0.00 seconds
  Pass "" (vp)
    Target graphics API: gles3
    Full variant space:         4
    After settings filtering:   4
    After built-in stripping:   4
    After scriptable stripping: 4
    Processed in 0.00 seconds
  Pass  (vp, gles3) finished in 0.00 seconds. Local cache hits 4 (0.01s CPU time), remote cache hits 0 (0.00s CPU time), compiled 0 variants (0.00s CPU time), skipped 0 variants.
    Prepared data for serialisation in 0.00s
  Pass  (vp, gles3) finished in 0.00 seconds. Local cache hits 4 (0.01s CPU time), remote cache hits 0 (0.00s CPU time), compiled 0 variants (0.00s CPU time), skipped 0 variants.
    Prepared data for serialisation in 0.00s
  Pass  (vp, gles3) finished in 0.00 seconds. Local cache hits 4 (0.01s CPU time), remote cache hits 0 (0.00s CPU time), compiled 0 variants (0.00s CPU time), skipped 0 variants.
    Prepared data for serialisation in 0.00s
  Pass  (vp, gles3) finished in 0.00 seconds. Local cache hits 4 (0.01s CPU time), remote cache hits 0 (0.00s CPU time), compiled 0 variants (0.00s CPU time), skipped 0 variants.
    Prepared data for serialisation in 0.00s
Serialized binary data for shader Hidden/Internal-ScreenSpaceShadows in 0.00s
    gles3 (total internal programs: 16, unique: 16)
Compiling shader "Hidden/Internal-CombineDepthNormals"
  Pass "" (vp)
    Target graphics API: gles3
    Full variant space:         1
    After settings filtering:   1
    After built-in stripping:   1
    After scriptable stripping: 1
    Processed in 0.00 seconds
  Pass  (vp, gles3) finished in 0.00 seconds. Local cache hits 1 (0.00s CPU time), remote cache hits 0 (0.00s CPU time), compiled 0 variants (0.00s CPU time), skipped 0 variants.
    Prepared data for serialisation in 0.00s
Serialized binary data for shader Hidden/Internal-CombineDepthNormals in 0.00s
    gles3 (total internal programs: 1, unique: 1)
Compiling shader "Hidden/BlitCopy"
  Pass "" (vp)
    Target graphics API: gles3
    Full variant space:         1
    After settings filtering:   1
    After built-in stripping:   1
    After scriptable stripping: 1
    Processed in 0.00 seconds
  Pass  (vp, gles3) finished in 0.00 seconds. Local cache hits 1 (0.00s CPU time), remote cache hits 0 (0.00s CPU time), compiled 0 variants (0.00s CPU time), skipped 0 variants.
    Prepared data for serialisation in 0.00s
Serialized binary data for shader Hidden/BlitCopy in 0.00s
    gles3 (total internal programs: 1, unique: 1)
Compiling shader "Hidden/BlitCopyDepth"
  Pass "" (vp)
    Target graphics API: gles3
    Full variant space:         1
    After settings filtering:   1
    After built-in stripping:   1
    After scriptable stripping: 1
    Processed in 0.00 seconds
  Pass  (vp, gles3) finished in 0.00 seconds. Local cache hits 1 (0.00s CPU time), remote cache hits 0 (0.00s CPU time), compiled 0 variants (0.00s CPU time), skipped 0 variants.
    Prepared data for serialisation in 0.00s
Serialized binary data for shader Hidden/BlitCopyDepth in 0.00s
    gles3 (total internal programs: 1, unique: 1)
Compiling shader "Hidden/ConvertTexture"
  Pass "" (vp)
    Target graphics API: gles3
    Full variant space:         1
    After settings filtering:   1
    After built-in stripping:   1
    After scriptable stripping: 1
    Processed in 0.00 seconds
  Pass  (vp, gles3) finished in 0.00 seconds. Local cache hits 1 (0.00s CPU time), remote cache hits 0 (0.00s CPU time), compiled 0 variants (0.00s CPU time), skipped 0 variants.
    Prepared data for serialisation in 0.00s
Serialized binary data for shader Hidden/ConvertTexture in 0.00s
    gles3 (total internal programs: 1, unique: 1)
Compiling shader "Hidden/Internal-DeferredShading"
  Pass "" (vp)
    Target graphics API: gles3
    Full variant space:         94
    After settings filtering:   94
    After built-in stripping:   26
    After scriptable stripping: 26
    Processed in 0.00 seconds
  Pass "" (vp)
    Target graphics API: gles3
    Full variant space:         1
    After settings filtering:   1
    After built-in stripping:   1
    After scriptable stripping: 1
    Processed in 0.00 seconds
  Pass  (vp, gles3) finished in 0.01 seconds. Local cache hits 26 (0.13s CPU time), remote cache hits 0 (0.00s CPU time), compiled 0 variants (0.00s CPU time), skipped 0 variants.
    Prepared data for serialisation in 0.00s
  Pass  (vp, gles3) finished in 0.00 seconds. Local cache hits 1 (0.00s CPU time), remote cache hits 0 (0.00s CPU time), compiled 0 variants (0.00s CPU time), skipped 0 variants.
    Prepared data for serialisation in 0.00s
Serialized binary data for shader Hidden/Internal-DeferredShading in 0.00s
    gles3 (total internal programs: 27, unique: 27)
Compiling shader "Hidden/Internal-DeferredReflections"
  Pass "" (vp)
    Target graphics API: gles3
    Full variant space:         1
    After settings filtering:   1
    After built-in stripping:   1
    After scriptable stripping: 1
    Processed in 0.00 seconds
  Pass "" (vp)
    Target graphics API: gles3
    Full variant space:         2
    After settings filtering:   2
    After built-in stripping:   2
    After scriptable stripping: 2
    Processed in 0.00 seconds
  Pass  (vp, gles3) finished in 0.00 seconds. Local cache hits 1 (0.00s CPU time), remote cache hits 0 (0.00s CPU time), compiled 0 variants (0.00s CPU time), skipped 0 variants.
    Prepared data for serialisation in 0.00s
  Pass  (vp, gles3) finished in 0.00 seconds. Local cache hits 2 (0.00s CPU time), remote cache hits 0 (0.00s CPU time), compiled 0 variants (0.00s CPU time), skipped 0 variants.
    Prepared data for serialisation in 0.00s
Serialized binary data for shader Hidden/Internal-DeferredReflections in 0.00s
    gles3 (total internal programs: 3, unique: 3)
Compiling shader "Hidden/Internal-MotionVectors"
  Pass "" (vp)
    Target graphics API: gles3
    Full variant space:         1
    After settings filtering:   1
    After built-in stripping:   1
    After scriptable stripping: 1
    Processed in 0.00 seconds
  Pass "" (vp)
    Target graphics API: gles3
    Full variant space:         1
    After settings filtering:   1
    After built-in stripping:   1
    After scriptable stripping: 1
    Processed in 0.00 seconds
  Pass "" (vp)
    Target graphics API: gles3
    Full variant space:         1
    After settings filtering:   1
    After built-in stripping:   1
    After scriptable stripping: 1
    Processed in 0.00 seconds
  Pass  (vp, gles3) finished in 0.00 seconds. Local cache hits 1 (0.00s CPU time), remote cache hits 0 (0.00s CPU time), compiled 0 variants (0.00s CPU time), skipped 0 variants.
    Prepared data for serialisation in 0.00s
  Pass  (vp, gles3) finished in 0.00 seconds. Local cache hits 1 (0.00s CPU time), remote cache hits 0 (0.00s CPU time), compiled 0 variants (0.00s CPU time), skipped 0 variants.
    Prepared data for serialisation in 0.00s
  Pass  (vp, gles3) finished in 0.00 seconds. Local cache hits 1 (0.00s CPU time), remote cache hits 0 (0.00s CPU time), compiled 0 variants (0.00s CPU time), skipped 0 variants.
    Prepared data for serialisation in 0.00s
Serialized binary data for shader Hidden/Internal-MotionVectors in 0.00s
    gles3 (total internal programs: 3, unique: 3)
Compiling shader "Hidden/Internal-Flare"
  Pass "" (vp)
    Target graphics API: gles3
    Full variant space:         1
    After settings filtering:   1
    After built-in stripping:   1
    After scriptable stripping: 1
    Processed in 0.00 seconds
  Pass  (vp, gles3) finished in 0.00 seconds. Local cache hits 1 (0.00s CPU time), remote cache hits 0 (0.00s CPU time), compiled 0 variants (0.00s CPU time), skipped 0 variants.
    Prepared data for serialisation in 0.00s
Serialized binary data for shader Hidden/Internal-Flare in 0.00s
    gles3 (total internal programs: 1, unique: 1)
Compiling shader "Hidden/Internal-Halo"
  Pass "" (vp)
    Target graphics API: gles3
    Full variant space:         4
    After settings filtering:   4
    After built-in stripping:   1
    After scriptable stripping: 1
    Processed in 0.00 seconds
  Pass  (vp, gles3) finished in 0.00 seconds. Local cache hits 1 (0.00s CPU time), remote cache hits 0 (0.00s CPU time), compiled 0 variants (0.00s CPU time), skipped 0 variants.
    Prepared data for serialisation in 0.00s
Serialized binary data for shader Hidden/Internal-Halo in 0.00s
    gles3 (total internal programs: 1, unique: 1)
Compiling shader "Hidden/BlitCopyWithDepth"
  Pass "" (vp)
    Target graphics API: gles3
    Full variant space:         1
    After settings filtering:   1
    After built-in stripping:   1
    After scriptable stripping: 1
    Processed in 0.00 seconds
  Pass  (vp, gles3) finished in 0.00 seconds. Local cache hits 1 (0.00s CPU time), remote cache hits 0 (0.00s CPU time), compiled 0 variants (0.00s CPU time), skipped 0 variants.
    Prepared data for serialisation in 0.00s
Serialized binary data for shader Hidden/BlitCopyWithDepth in 0.00s
    gles3 (total internal programs: 1, unique: 1)
Compiling shader "Hidden/BlitToDepth"
  Pass "" (vp)
    Target graphics API: gles3
    Full variant space:         1
    After settings filtering:   1
    After built-in stripping:   1
    After scriptable stripping: 1
    Processed in 0.00 seconds
  Pass  (vp, gles3) finished in 0.00 seconds. Local cache hits 1 (0.00s CPU time), remote cache hits 0 (0.00s CPU time), compiled 0 variants (0.00s CPU time), skipped 0 variants.
    Prepared data for serialisation in 0.00s
Serialized binary data for shader Hidden/BlitToDepth in 0.00s
    gles3 (total internal programs: 1, unique: 1)
Compiling shader "Hidden/BlitToDepth_MSAA"
  Pass "" (vp)
    Target graphics API: gles3
    Full variant space:         1
    After settings filtering:   1
    After built-in stripping:   1
    After scriptable stripping: 1
    Processed in 0.00 seconds
  Pass  (vp, gles3) finished in 0.00 seconds. Local cache hits 1 (0.00s CPU time), remote cache hits 0 (0.00s CPU time), compiled 0 variants (0.00s CPU time), skipped 0 variants.
    Prepared data for serialisation in 0.00s
Serialized binary data for shader Hidden/BlitToDepth_MSAA in 0.00s
    gles3 (total internal programs: 1, unique: 1)
Compiling shader "Hidden/BlitCopyHDRTonemap"
  Pass "" (vp)
    Target graphics API: gles3
    Full variant space:         1
    After settings filtering:   1
    After built-in stripping:   1
    After scriptable stripping: 1
    Processed in 0.00 seconds
  Pass  (vp, gles3) finished in 0.00 seconds. Local cache hits 1 (0.00s CPU time), remote cache hits 0 (0.00s CPU time), compiled 0 variants (0.00s CPU time), skipped 0 variants.
    Prepared data for serialisation in 0.00s
Serialized binary data for shader Hidden/BlitCopyHDRTonemap in 0.00s
    gles3 (total internal programs: 1, unique: 1)
Compiling shader "Hidden/Internal-DebugPattern"
  Pass "Target Color and DepthStencil" (vp)
    Target graphics API: gles3
    Full variant space:         1
    After settings filtering:   1
    After built-in stripping:   1
    After scriptable stripping: 1
    Processed in 0.00 seconds
  Pass "Target only Color" (vp)
    Target graphics API: gles3
    Full variant space:         1
    After settings filtering:   1
    After built-in stripping:   1
    After scriptable stripping: 1
    Processed in 0.00 seconds
  Pass "Target only DepthStencil" (vp)
    Target graphics API: gles3
    Full variant space:         1
    After settings filtering:   1
    After built-in stripping:   1
    After scriptable stripping: 1
    Processed in 0.00 seconds
  Pass Target Color and DepthStencil (vp, gles3) finished in 0.00 seconds. Local cache hits 1 (0.00s CPU time), remote cache hits 0 (0.00s CPU time), compiled 0 variants (0.00s CPU time), skipped 0 variants.
    Prepared data for serialisation in 0.00s
  Pass Target only Color (vp, gles3) finished in 0.00 seconds. Local cache hits 1 (0.00s CPU time), remote cache hits 0 (0.00s CPU time), compiled 0 variants (0.00s CPU time), skipped 0 variants.
    Prepared data for serialisation in 0.00s
  Pass Target only DepthStencil (vp, gles3) finished in 0.00 seconds. Local cache hits 1 (0.00s CPU time), remote cache hits 0 (0.00s CPU time), compiled 0 variants (0.00s CPU time), skipped 0 variants.
    Prepared data for serialisation in 0.00s
Serialized binary data for shader Hidden/Internal-DebugPattern in 0.00s
    gles3 (total internal programs: 3, unique: 3)
Compiling shader "Hidden/Internal-GUITextureClip"
  Pass "" (vp)
    Target graphics API: gles3
    Full variant space:         1
    After settings filtering:   1
    After built-in stripping:   1
    After scriptable stripping: 1
    Processed in 0.00 seconds
  Pass "" (vp)
    Target graphics API: gles3
    Full variant space:         1
    After settings filtering:   1
    After built-in stripping:   1
    After scriptable stripping: 1
    Processed in 0.00 seconds
  Pass  (vp, gles3) finished in 0.00 seconds. Local cache hits 1 (0.00s CPU time), remote cache hits 0 (0.00s CPU time), compiled 0 variants (0.00s CPU time), skipped 0 variants.
    Prepared data for serialisation in 0.00s
  Pass  (vp, gles3) finished in 0.00 seconds. Local cache hits 1 (0.00s CPU time), remote cache hits 0 (0.00s CPU time), compiled 0 variants (0.00s CPU time), skipped 0 variants.
    Prepared data for serialisation in 0.00s
Serialized binary data for shader Hidden/Internal-GUITextureClip in 0.00s
    gles3 (total internal programs: 2, unique: 1)
Compiling shader "Hidden/Internal-GUITextureClipText"
  Pass "" (vp)
    Target graphics API: gles3
    Full variant space:         1
    After settings filtering:   1
    After built-in stripping:   1
    After scriptable stripping: 1
    Processed in 0.00 seconds
  Pass "" (vp)
    Target graphics API: gles3
    Full variant space:         1
    After settings filtering:   1
    After built-in stripping:   1
    After scriptable stripping: 1
    Processed in 0.00 seconds
  Pass  (vp, gles3) finished in 0.00 seconds. Local cache hits 1 (0.00s CPU time), remote cache hits 0 (0.00s CPU time), compiled 0 variants (0.00s CPU time), skipped 0 variants.
    Prepared data for serialisation in 0.00s
  Pass  (vp, gles3) finished in 0.00 seconds. Local cache hits 1 (0.00s CPU time), remote cache hits 0 (0.00s CPU time), compiled 0 variants (0.00s CPU time), skipped 0 variants.
    Prepared data for serialisation in 0.00s
Serialized binary data for shader Hidden/Internal-GUITextureClipText in 0.00s
    gles3 (total internal programs: 2, unique: 1)
Compiling shader "Hidden/Internal-GUITexture"
  Pass "" (vp)
    Target graphics API: gles3
    Full variant space:         1
    After settings filtering:   1
    After built-in stripping:   1
    After scriptable stripping: 1
    Processed in 0.00 seconds
  Pass "" (vp)
    Target graphics API: gles3
    Full variant space:         1
    After settings filtering:   1
    After built-in stripping:   1
    After scriptable stripping: 1
    Processed in 0.00 seconds
  Pass  (vp, gles3) finished in 0.00 seconds. Local cache hits 1 (0.00s CPU time), remote cache hits 0 (0.00s CPU time), compiled 0 variants (0.00s CPU time), skipped 0 variants.
    Prepared data for serialisation in 0.00s
  Pass  (vp, gles3) finished in 0.00 seconds. Local cache hits 1 (0.00s CPU time), remote cache hits 0 (0.00s CPU time), compiled 0 variants (0.00s CPU time), skipped 0 variants.
    Prepared data for serialisation in 0.00s
Serialized binary data for shader Hidden/Internal-GUITexture in 0.00s
    gles3 (total internal programs: 2, unique: 1)
Compiling shader "Hidden/Internal-GUITextureBlit"
  Pass "" (vp)
    Target graphics API: gles3
    Full variant space:         1
    After settings filtering:   1
    After built-in stripping:   1
    After scriptable stripping: 1
    Processed in 0.00 seconds
  Pass "" (vp)
    Target graphics API: gles3
    Full variant space:         1
    After settings filtering:   1
    After built-in stripping:   1
    After scriptable stripping: 1
    Processed in 0.00 seconds
  Pass  (vp, gles3) finished in 0.00 seconds. Local cache hits 1 (0.00s CPU time), remote cache hits 0 (0.00s CPU time), compiled 0 variants (0.00s CPU time), skipped 0 variants.
    Prepared data for serialisation in 0.00s
  Pass  (vp, gles3) finished in 0.00 seconds. Local cache hits 1 (0.00s CPU time), remote cache hits 0 (0.00s CPU time), compiled 0 variants (0.00s CPU time), skipped 0 variants.
    Prepared data for serialisation in 0.00s
Serialized binary data for shader Hidden/Internal-GUITextureBlit in 0.00s
    gles3 (total internal programs: 2, unique: 1)
Compiling shader "Hidden/Internal-GUIRoundedRect"
  Pass "" (vp)
    Target graphics API: gles3
    Full variant space:         1
    After settings filtering:   1
    After built-in stripping:   1
    After scriptable stripping: 1
    Processed in 0.00 seconds
  Pass "" (vp)
    Target graphics API: gles3
    Full variant space:         1
    After settings filtering:   1
    After built-in stripping:   1
    After scriptable stripping: 1
    Processed in 0.00 seconds
  Pass  (vp, gles3) finished in 0.00 seconds. Local cache hits 1 (0.00s CPU time), remote cache hits 0 (0.00s CPU time), compiled 0 variants (0.00s CPU time), skipped 0 variants.
    Prepared data for serialisation in 0.00s
  Pass  (vp, gles3) finished in 0.00 seconds. Local cache hits 1 (0.00s CPU time), remote cache hits 0 (0.00s CPU time), compiled 0 variants (0.00s CPU time), skipped 0 variants.
    Prepared data for serialisation in 0.00s
Serialized binary data for shader Hidden/Internal-GUIRoundedRect in 0.00s
    gles3 (total internal programs: 2, unique: 1)
Compiling shader "Hidden/Internal-GUIRoundedRectWithColorPerBorder"
  Pass "" (vp)
    Target graphics API: gles3
    Full variant space:         1
    After settings filtering:   1
    After built-in stripping:   1
    After scriptable stripping: 1
    Processed in 0.00 seconds
  Pass "" (vp)
    Target graphics API: gles3
    Full variant space:         1
    After settings filtering:   1
    After built-in stripping:   1
    After scriptable stripping: 1
    Processed in 0.00 seconds
  Pass  (vp, gles3) finished in 0.00 seconds. Local cache hits 1 (0.00s CPU time), remote cache hits 0 (0.00s CPU time), compiled 0 variants (0.00s CPU time), skipped 0 variants.
    Prepared data for serialisation in 0.00s
  Pass  (vp, gles3) finished in 0.00 seconds. Local cache hits 1 (0.00s CPU time), remote cache hits 0 (0.00s CPU time), compiled 0 variants (0.00s CPU time), skipped 0 variants.
    Prepared data for serialisation in 0.00s
Serialized binary data for shader Hidden/Internal-GUIRoundedRectWithColorPerBorder in 0.00s
    gles3 (total internal programs: 2, unique: 1)
Compiling shader "Hidden/Internal-UIRDefault"
  Pass "" (vp)
    Target graphics API: gles3
    Full variant space:         40
    After settings filtering:   40
    After built-in stripping:   40
    After scriptable stripping: 40
    Processed in 0.00 seconds
  Pass  (vp, gles3) finished in 0.01 seconds. Local cache hits 40 (0.18s CPU time), remote cache hits 0 (0.00s CPU time), compiled 0 variants (0.00s CPU time), skipped 0 variants.
    Prepared data for serialisation in 0.00s
Serialized binary data for shader Hidden/Internal-UIRDefault in 0.00s
    gles3 (total internal programs: 40, unique: 40)
Compiling shader "Hidden/Internal-UIRAtlasBlitCopy"
  Pass "" (vp)
    Target graphics API: gles3
    Full variant space:         1
    After settings filtering:   1
    After built-in stripping:   1
    After scriptable stripping: 1
    Processed in 0.00 seconds
  Pass  (vp, gles3) finished in 0.00 seconds. Local cache hits 1 (0.00s CPU time), remote cache hits 0 (0.00s CPU time), compiled 0 variants (0.00s CPU time), skipped 0 variants.
    Prepared data for serialisation in 0.00s
Serialized binary data for shader Hidden/Internal-UIRAtlasBlitCopy in 0.00s
    gles3 (total internal programs: 1, unique: 1)
Compiling shader "Sprites/Default"
  Pass "" (vp)
    Target graphics API: gles3
    Full variant space:         8
    After settings filtering:   8
    After built-in stripping:   4
    After scriptable stripping: 4
    Processed in 0.00 seconds
  Pass  (vp, gles3) finished in 0.00 seconds. Local cache hits 4 (0.01s CPU time), remote cache hits 0 (0.00s CPU time), compiled 0 variants (0.00s CPU time), skipped 0 variants.
    Prepared data for serialisation in 0.00s
Serialized binary data for shader Sprites/Default in 0.00s
    gles3 (total internal programs: 4, unique: 4)
Compiling shader "Sprites/Mask"
  Pass "" (vp)
    Target graphics API: gles3
    Full variant space:         4
    After settings filtering:   4
    After built-in stripping:   4
    After scriptable stripping: 4
    Processed in 0.00 seconds
  Pass  (vp, gles3) finished in 0.00 seconds. Local cache hits 4 (0.00s CPU time), remote cache hits 0 (0.00s CPU time), compiled 0 variants (0.00s CPU time), skipped 0 variants.
    Prepared data for serialisation in 0.00s
Serialized binary data for shader Sprites/Mask in 0.00s
    gles3 (total internal programs: 4, unique: 4)
Compiling shader "UI/Default"
  Pass "Default" (vp)
    Target graphics API: gles3
    Full variant space:         4
    After settings filtering:   4
    After built-in stripping:   4
    After scriptable stripping: 4
    Processed in 0.00 seconds
  Pass "XRMotionVectors" (vp)
    Target graphics API: gles3
    Full variant space:         4
    After settings filtering:   4
    After built-in stripping:   4
    After scriptable stripping: 4
    Processed in 0.00 seconds
  Pass Default (vp, gles3) finished in 0.00 seconds. Local cache hits 4 (0.01s CPU time), remote cache hits 0 (0.00s CPU time), compiled 0 variants (0.00s CPU time), skipped 0 variants.
    Prepared data for serialisation in 0.00s
  Pass XRMotionVectors (vp, gles3) finished in 0.00 seconds. Local cache hits 4 (0.01s CPU time), remote cache hits 0 (0.00s CPU time), compiled 0 variants (0.00s CPU time), skipped 0 variants.
    Prepared data for serialisation in 0.00s
Serialized binary data for shader UI/Default in 0.00s
    gles3 (total internal programs: 8, unique: 8)
Compiling shader "UI/DefaultETC1"
  Pass "Default" (vp)
    Target graphics API: gles3
    Full variant space:         4
    After settings filtering:   4
    After built-in stripping:   4
    After scriptable stripping: 4
    Processed in 0.00 seconds
  Pass "XRMotionVectors" (vp)
    Target graphics API: gles3
    Full variant space:         4
    After settings filtering:   4
    After built-in stripping:   4
    After scriptable stripping: 4
    Processed in 0.00 seconds
  Pass Default (vp, gles3) finished in 0.00 seconds. Local cache hits 4 (0.01s CPU time), remote cache hits 0 (0.00s CPU time), compiled 0 variants (0.00s CPU time), skipped 0 variants.
    Prepared data for serialisation in 0.00s
  Pass XRMotionVectors (vp, gles3) finished in 0.00 seconds. Local cache hits 4 (0.01s CPU time), remote cache hits 0 (0.00s CPU time), compiled 0 variants (0.00s CPU time), skipped 0 variants.
    Prepared data for serialisation in 0.00s
Serialized binary data for shader UI/DefaultETC1 in 0.00s
    gles3 (total internal programs: 8, unique: 8)
Compiling shader "Hidden/CubeBlur"
  Pass "" (vp)
    Target graphics API: gles3
    Full variant space:         1
    After settings filtering:   1
    After built-in stripping:   1
    After scriptable stripping: 1
    Processed in 0.00 seconds
  Pass "" (vp)
    Target graphics API: gles3
    Full variant space:         1
    After settings filtering:   1
    After built-in stripping:   1
    After scriptable stripping: 1
    Processed in 0.00 seconds
  Pass  (vp, gles3) finished in 0.00 seconds. Local cache hits 1 (0.00s CPU time), remote cache hits 0 (0.00s CPU time), compiled 0 variants (0.00s CPU time), skipped 0 variants.
    Prepared data for serialisation in 0.00s
  Pass  (vp, gles3) finished in 0.00 seconds. Local cache hits 1 (0.00s CPU time), remote cache hits 0 (0.00s CPU time), compiled 0 variants (0.00s CPU time), skipped 0 variants.
    Prepared data for serialisation in 0.00s
Serialized binary data for shader Hidden/CubeBlur in 0.00s
    gles3 (total internal programs: 2, unique: 2)
Compiling shader "Hidden/CubeCopy"
  Pass "" (vp)
    Target graphics API: gles3
    Full variant space:         1
    After settings filtering:   1
    After built-in stripping:   1
    After scriptable stripping: 1
    Processed in 0.00 seconds
  Pass "" (vp)
    Target graphics API: gles3
    Full variant space:         1
    After settings filtering:   1
    After built-in stripping:   1
    After scriptable stripping: 1
    Processed in 0.00 seconds
  Pass  (vp, gles3) finished in 0.00 seconds. Local cache hits 1 (0.00s CPU time), remote cache hits 0 (0.00s CPU time), compiled 0 variants (0.00s CPU time), skipped 0 variants.
    Prepared data for serialisation in 0.00s
  Pass  (vp, gles3) finished in 0.00 seconds. Local cache hits 1 (0.00s CPU time), remote cache hits 0 (0.00s CPU time), compiled 0 variants (0.00s CPU time), skipped 0 variants.
    Prepared data for serialisation in 0.00s
Serialized binary data for shader Hidden/CubeCopy in 0.00s
    gles3 (total internal programs: 2, unique: 1)
Compiling shader "Hidden/CubeBlend"
  Pass "" (vp)
    Target graphics API: gles3
    Full variant space:         1
    After settings filtering:   1
    After built-in stripping:   1
    After scriptable stripping: 1
    Processed in 0.00 seconds
  Pass "" (vp)
    Target graphics API: gles3
    Full variant space:         1
    After settings filtering:   1
    After built-in stripping:   1
    After scriptable stripping: 1
    Processed in 0.00 seconds
  Pass  (vp, gles3) finished in 0.00 seconds. Local cache hits 1 (0.00s CPU time), remote cache hits 0 (0.00s CPU time), compiled 0 variants (0.00s CPU time), skipped 0 variants.
    Prepared data for serialisation in 0.00s
  Pass  (vp, gles3) finished in 0.00 seconds. Local cache hits 1 (0.00s CPU time), remote cache hits 0 (0.00s CPU time), compiled 0 variants (0.00s CPU time), skipped 0 variants.
    Prepared data for serialisation in 0.00s
Serialized binary data for shader Hidden/CubeBlend in 0.00s
    gles3 (total internal programs: 2, unique: 1)
Compiling shader "Hidden/VR/BlitTexArraySlice"
  Pass "" (vp)
    Target graphics API: gles3
    Full variant space:         1
    After settings filtering:   1
    After built-in stripping:   1
    After scriptable stripping: 1
    Processed in 0.00 seconds
  Pass  (vp, gles3) finished in 0.00 seconds. Local cache hits 1 (0.00s CPU time), remote cache hits 0 (0.00s CPU time), compiled 0 variants (0.00s CPU time), skipped 0 variants.
    Prepared data for serialisation in 0.00s
Serialized binary data for shader Hidden/VR/BlitTexArraySlice in 0.00s
    gles3 (total internal programs: 1, unique: 1)
Compiling shader "Hidden/Internal-ODSWorldTexture"
  Pass "" (vp)
    Target graphics API: gles3
    Full variant space:         1
    After settings filtering:   1
    After built-in stripping:   1
    After scriptable stripping: 1
    Processed in 0.00 seconds
  Pass "" (vp)
    Target graphics API: gles3
    Full variant space:         1
    After settings filtering:   1
    After built-in stripping:   1
    After scriptable stripping: 1
    Processed in 0.00 seconds
  Pass "" (vp)
    Target graphics API: gles3
    Full variant space:         1
    After settings filtering:   1
    After built-in stripping:   1
    After scriptable stripping: 1
    Processed in 0.00 seconds
  Pass "" (vp)
    Target graphics API: gles3
    Full variant space:         1
    After settings filtering:   1
    After built-in stripping:   1
    After scriptable stripping: 1
    Processed in 0.00 seconds
  Pass "" (vp)
    Target graphics API: gles3
    Full variant space:         1
    After settings filtering:   1
    After built-in stripping:   1
    After scriptable stripping: 1
    Processed in 0.00 seconds
  Pass "" (vp)
    Target graphics API: gles3
    Full variant space:         1
    After settings filtering:   1
    After built-in stripping:   1
    After scriptable stripping: 1
    Processed in 0.00 seconds
  Pass "" (vp)
    Target graphics API: gles3
    Full variant space:         1
    After settings filtering:   1
    After built-in stripping:   1
    After scriptable stripping: 1
    Processed in 0.00 seconds
  Pass "" (vp)
    Target graphics API: gles3
    Full variant space:         1
    After settings filtering:   1
    After built-in stripping:   1
    After scriptable stripping: 1
    Processed in 0.00 seconds
  Pass "" (vp)
    Target graphics API: gles3
    Full variant space:         1
    After settings filtering:   1
    After built-in stripping:   1
    After scriptable stripping: 1
    Processed in 0.00 seconds
  Pass "" (vp)
    Target graphics API: gles3
    Full variant space:         1
    After settings filtering:   1
    After built-in stripping:   1
    After scriptable stripping: 1
    Processed in 0.00 seconds
  Pass  (vp, gles3) finished in 0.00 seconds. Local cache hits 1 (0.00s CPU time), remote cache hits 0 (0.00s CPU time), compiled 0 variants (0.00s CPU time), skipped 0 variants.
    Prepared data for serialisation in 0.00s
  Pass  (vp, gles3) finished in 0.00 seconds. Local cache hits 1 (0.00s CPU time), remote cache hits 0 (0.00s CPU time), compiled 0 variants (0.00s CPU time), skipped 0 variants.
    Prepared data for serialisation in 0.00s
  Pass  (vp, gles3) finished in 0.00 seconds. Local cache hits 1 (0.00s CPU time), remote cache hits 0 (0.00s CPU time), compiled 0 variants (0.00s CPU time), skipped 0 variants.
    Prepared data for serialisation in 0.00s
  Pass  (vp, gles3) finished in 0.00 seconds. Local cache hits 1 (0.00s CPU time), remote cache hits 0 (0.00s CPU time), compiled 0 variants (0.00s CPU time), skipped 0 variants.
    Prepared data for serialisation in 0.00s
  Pass  (vp, gles3) finished in 0.00 seconds. Local cache hits 1 (0.00s CPU time), remote cache hits 0 (0.00s CPU time), compiled 0 variants (0.00s CPU time), skipped 0 variants.
    Prepared data for serialisation in 0.00s
  Pass  (vp, gles3) finished in 0.00 seconds. Local cache hits 1 (0.00s CPU time), remote cache hits 0 (0.00s CPU time), compiled 0 variants (0.00s CPU time), skipped 0 variants.
    Prepared data for serialisation in 0.00s
  Pass  (vp, gles3) finished in 0.00 seconds. Local cache hits 1 (0.00s CPU time), remote cache hits 0 (0.00s CPU time), compiled 0 variants (0.00s CPU time), skipped 0 variants.
    Prepared data for serialisation in 0.00s
  Pass  (vp, gles3) finished in 0.00 seconds. Local cache hits 1 (0.00s CPU time), remote cache hits 0 (0.00s CPU time), compiled 0 variants (0.00s CPU time), skipped 0 variants.
    Prepared data for serialisation in 0.00s
  Pass  (vp, gles3) finished in 0.00 seconds. Local cache hits 1 (0.00s CPU time), remote cache hits 0 (0.00s CPU time), compiled 0 variants (0.00s CPU time), skipped 0 variants.
    Prepared data for serialisation in 0.00s
  Pass  (vp, gles3) finished in 0.00 seconds. Local cache hits 1 (0.00s CPU time), remote cache hits 0 (0.00s CPU time), compiled 0 variants (0.00s CPU time), skipped 0 variants.
    Prepared data for serialisation in 0.00s
Serialized binary data for shader Hidden/Internal-ODSWorldTexture in 0.00s
    gles3 (total internal programs: 10, unique: 9)
Compiling shader "Hidden/Internal-CubemapToEquirect"
  Pass "" (vp)
    Target graphics API: gles3
    Full variant space:         1
    After settings filtering:   1
    After built-in stripping:   1
    After scriptable stripping: 1
    Processed in 0.00 seconds
  Pass  (vp, gles3) finished in 0.00 seconds. Local cache hits 1 (0.00s CPU time), remote cache hits 0 (0.00s CPU time), compiled 0 variants (0.00s CPU time), skipped 0 variants.
    Prepared data for serialisation in 0.00s
Serialized binary data for shader Hidden/Internal-CubemapToEquirect in 0.00s
    gles3 (total internal programs: 1, unique: 1)
Compiling shader "Hidden/VR/BlitFromTex2DToTexArraySlice"
  Pass "" (vp)
    Target graphics API: gles3
    Full variant space:         1
    After settings filtering:   1
    After built-in stripping:   1
    After scriptable stripping: 1
    Processed in 0.00 seconds
  Pass "" (vp)
    Target graphics API: gles3
    Full variant space:         1
    After settings filtering:   1
    After built-in stripping:   1
    After scriptable stripping: 1
    Processed in 0.00 seconds
  Pass  (vp, gles3) finished in 0.00 seconds. Local cache hits 1 (0.00s CPU time), remote cache hits 0 (0.00s CPU time), compiled 0 variants (0.00s CPU time), skipped 0 variants.
    Prepared data for serialisation in 0.00s
  Pass  (vp, gles3) finished in 0.00 seconds. Local cache hits 1 (0.00s CPU time), remote cache hits 0 (0.00s CPU time), compiled 0 variants (0.00s CPU time), skipped 0 variants.
    Prepared data for serialisation in 0.00s
Serialized binary data for shader Hidden/VR/BlitFromTex2DToTexArraySlice in 0.00s
    gles3 (total internal programs: 2, unique: 2)
Compiling shader "Hidden/VideoComposite"
  Pass "Default" (vp)
    Target graphics API: gles3
    Full variant space:         1
    After settings filtering:   1
    After built-in stripping:   1
    After scriptable stripping: 1
    Processed in 0.00 seconds
  Pass Default (vp, gles3) finished in 0.00 seconds. Local cache hits 1 (0.00s CPU time), remote cache hits 0 (0.00s CPU time), compiled 0 variants (0.00s CPU time), skipped 0 variants.
    Prepared data for serialisation in 0.00s
Serialized binary data for shader Hidden/VideoComposite in 0.00s
    gles3 (total internal programs: 1, unique: 1)
Compiling shader "Hidden/TextCore/Distance Field SSD"
  Pass "" (vp)
    Target graphics API: gles3
    Full variant space:         1
    After settings filtering:   1
    After built-in stripping:   1
    After scriptable stripping: 1
    Processed in 0.00 seconds
  Pass  (vp, gles3) finished in 0.00 seconds. Local cache hits 1 (0.00s CPU time), remote cache hits 0 (0.00s CPU time), compiled 0 variants (0.00s CPU time), skipped 0 variants.
    Prepared data for serialisation in 0.00s
Serialized binary data for shader Hidden/TextCore/Distance Field SSD in 0.00s
    gles3 (total internal programs: 1, unique: 1)
Compiling shader "Hidden/Physics2D/SDF_CircleGeometry"
  Pass "" (vp)
    Target graphics API: gles3
    Full variant space:         2
    After settings filtering:   2
    After built-in stripping:   1
    After scriptable stripping: 1
    Processed in 0.00 seconds
  Pass  (vp, gles3) finished in 0.00 seconds. Local cache hits 1 (0.00s CPU time), remote cache hits 0 (0.00s CPU time), compiled 0 variants (0.00s CPU time), skipped 0 variants.
    Prepared data for serialisation in 0.00s
Serialized binary data for shader Hidden/Physics2D/SDF_CircleGeometry in 0.00s
    gles3 (total internal programs: 1, unique: 1)
Compiling shader "Hidden/Physics2D/SDF_CapsuleGeometry"
  Pass "" (vp)
    Target graphics API: gles3
    Full variant space:         2
    After settings filtering:   2
    After built-in stripping:   1
    After scriptable stripping: 1
    Processed in 0.00 seconds
  Pass  (vp, gles3) finished in 0.00 seconds. Local cache hits 1 (0.00s CPU time), remote cache hits 0 (0.00s CPU time), compiled 0 variants (0.00s CPU time), skipped 0 variants.
    Prepared data for serialisation in 0.00s
Serialized binary data for shader Hidden/Physics2D/SDF_CapsuleGeometry in 0.00s
    gles3 (total internal programs: 1, unique: 1)
Compiling shader "Hidden/Physics2D/SDF_PolygonGeometry"
  Pass "" (vp)
    Target graphics API: gles3
    Full variant space:         2
    After settings filtering:   2
    After built-in stripping:   1
    After scriptable stripping: 1
    Processed in 0.00 seconds
  Pass  (vp, gles3) finished in 0.00 seconds. Local cache hits 1 (0.00s CPU time), remote cache hits 0 (0.00s CPU time), compiled 0 variants (0.00s CPU time), skipped 0 variants.
    Prepared data for serialisation in 0.00s
Serialized binary data for shader Hidden/Physics2D/SDF_PolygonGeometry in 0.00s
    gles3 (total internal programs: 1, unique: 1)
Compiling shader "Hidden/Physics2D/SDF_Line"
  Pass "" (vp)
    Target graphics API: gles3
    Full variant space:         2
    After settings filtering:   2
    After built-in stripping:   1
    After scriptable stripping: 1
    Processed in 0.00 seconds
  Pass  (vp, gles3) finished in 0.00 seconds. Local cache hits 1 (0.00s CPU time), remote cache hits 0 (0.00s CPU time), compiled 0 variants (0.00s CPU time), skipped 0 variants.
    Prepared data for serialisation in 0.00s
Serialized binary data for shader Hidden/Physics2D/SDF_Line in 0.00s
    gles3 (total internal programs: 1, unique: 1)
Compiling shader "Hidden/Physics2D/SDF_Point"
  Pass "" (vp)
    Target graphics API: gles3
    Full variant space:         2
    After settings filtering:   2
    After built-in stripping:   1
    After scriptable stripping: 1
    Processed in 0.00 seconds
  Pass  (vp, gles3) finished in 0.00 seconds. Local cache hits 1 (0.00s CPU time), remote cache hits 0 (0.00s CPU time), compiled 0 variants (0.00s CPU time), skipped 0 variants.
    Prepared data for serialisation in 0.00s
Serialized binary data for shader Hidden/Physics2D/SDF_Point in 0.00s
    gles3 (total internal programs: 1, unique: 1)

***Player size statistics***
Level 0 'Assets/Scenes/MainScene.unity' uses 294.9 KB compressed / 1.0 MB uncompressed.
Total compressed size 295.1 KB. Total uncompressed size 1.0 MB.
SpriteAtlasDatabase::Cleanup
Starting: D:\unity\6000.6.0f1\Editor\Data\Tools\BuildPipeline\bee_backend.exe --ipc --dagfile="Library/Bee/Player9c329257.dag" --profile="Library/Bee/backend1.traceevents" Player
WorkingDir: D:/test/unity-project
DisplayProgressbar: Incremental Player Build
ExitCode: 4 Duration: 0s132ms
Starting: D:\unity\6000.6.0f1\Editor\Data\DotNetSdk\dotnet.exe "D:\unity\6000.6.0f1\Editor\Data\PlaybackEngines\WebGLSupport\WebGLPlayerBuildProgram.exe" "D:/unity/6000.6.0f1/Editor/Data/PlaybackEngines/WebGLSupport/Bee;D:/unity/6000.6.0f1/Editor/Data/Tools/BuildPipeline" "Library/Bee/Player9c329257.dag.json" "Library/Bee/Player9c329257-inputdata.json" "Library\Bee\buildprogram0.traceevents"
WorkingDir: D:/test/unity-project
ExitCode: 0 Duration: 1s76ms
Starting: D:\unity\6000.6.0f1\Editor\Data\Tools\BuildPipeline\bee_backend.exe --ipc --dagfile="Library/Bee/Player9c329257.dag" --dagfilejson="Library\Bee\Player9c329257.dag.json" --profile="Library/Bee/backend2.traceevents" Player
WorkingDir: D:/test/unity-project
Starting: D:\unity\6000.6.0f1\Editor\Data\DotNetSdk\dotnet.exe "D:\unity\6000.6.0f1\Editor\Data\PlaybackEngines\WebGLSupport\WebGLPlayerBuildProgram.exe" "D:/unity/6000.6.0f1/Editor/Data/PlaybackEngines/WebGLSupport/Bee;D:/unity/6000.6.0f1/Editor/Data/Tools/BuildPipeline" "Library/Bee/Player9c329257.dag.json" "Library/Bee/Player9c329257-inputdata.json" "Library\Bee\buildprogram1.traceevents"
WorkingDir: D:/test/unity-project
ExitCode: 4 Duration: 7s42ms
ExitCode: 0 Duration: 1s121ms
Starting: D:\unity\6000.6.0f1\Editor\Data\Tools\BuildPipeline\bee_backend.exe --ipc --dagfile="Library/Bee/Player9c329257.dag" --dagfilejson="Library\Bee\Player9c329257.dag.json" --profile="Library/Bee/backend3.traceevents" Player
WorkingDir: D:/test/unity-project
Starting: D:\unity\6000.6.0f1\Editor\Data\DotNetSdk\dotnet.exe "D:\unity\6000.6.0f1\Editor\Data\PlaybackEngines\WebGLSupport\WebGLPlayerBuildProgram.exe" "D:/unity/6000.6.0f1/Editor/Data/PlaybackEngines/WebGLSupport/Bee;D:/unity/6000.6.0f1/Editor/Data/Tools/BuildPipeline" "Library/Bee/Player9c329257.dag.json" "Library/Bee/Player9c329257-inputdata.json" "Library\Bee\buildprogram2.traceevents"
WorkingDir: D:/test/unity-project
ExitCode: 4 Duration: 1s436ms
ExitCode: 0 Duration: 1s9ms
Starting: D:\unity\6000.6.0f1\Editor\Data\Tools\BuildPipeline\bee_backend.exe --ipc --dagfile="Library/Bee/Player9c329257.dag" --dagfilejson="Library\Bee\Player9c329257.dag.json" --profile="Library/Bee/backend4.traceevents" Player
WorkingDir: D:/test/unity-project
ExitCode: 0 Duration: 0s457ms
[websockify wrapper] Start node and websockify.js
Total cache size 129106330
Total cache size after purge 129106330, took 00:00:00.6247275

-------------------------------------------------------------------------------
Build Report
Uncompressed usage by category (Percentages based on user generated assets only):
Textures               512.2 kb	 92.4% 
Meshes                 0.0 kb	 0.0% 
Animations             0.0 kb	 0.0% 
Sounds                 0.0 kb	 0.0% 
Shaders                7.1 kb	 1.3% 
Other Assets           4.6 kb	 0.8% 
Levels                 0.0 kb	 0.0% 
File headers           8.6 kb	 1.6% 
Total User Assets      554.3 kb	 100.0% 
Complete build size    20.5 mb
Used Assets and files from the Resources folder, sorted by uncompressed size:
 519.8 kb	 2.5% Resources/unity_builtin_extra
 1.8 kb	 0.0% Assets/Scenes/MainScene.unity
 1.8 kb	 0.0% Assets/Resources/PerformanceTestRunInfo.json
 0.2 kb	 0.0% Packages/com.unity.collections/Unity.Collections.Tests/Jobs/CoreCLRTestAssemblies/PublicJobPrivateGeneric/PublicJobPrivateGenericTestJob.cs
 0.2 kb	 0.0% Packages/com.unity.collections/Unity.Collections.Tests/Jobs/CoreCLRTestAssemblies/ProtectedJobNested/NestedProtectedJobTestJob.cs
 0.2 kb	 0.0% Packages/com.unity.collections/Unity.Collections.Tests/Jobs/CoreCLRTestAssemblies/InternalJobNestedPrivate/InternalJobNestedPrivate.cs
 0.2 kb	 0.0% Packages/com.unity.collections/Unity.Collections.Tests/Jobs/CoreCLRTestAssemblies/PrivateJobNested/NestedPrivateJobTestJob.cs
 0.2 kb	 0.0% Packages/com.unity.collections/Unity.Collections/GenerateTestsForBurstCompatibilityAttribute.cs
 0.1 kb	 0.0% Packages/com.unity.collections/Unity.Collections/UnsafeParallelHashSetExtensions.gen.cs
 0.1 kb	 0.0% Packages/com.unity.collections/Unity.Collections/UnsafeParallelHashMap.cs
 0.1 kb	 0.0% Packages/com.unity.collections/Unity.Collections/UnsafeNotBurstCompatible.cs
 0.1 kb	 0.0% Packages/com.unity.collections/Unity.Collections/UnsafeScratchAllocator.cs
 0.1 kb	 0.0% Packages/com.unity.collections/Unity.Collections/NativeParallelHashMapExtensions.cs
 0.1 kb	 0.0% Packages/com.unity.cloud.gltfast/Runtime/Scripts/Export/GltfBuiltInShaderMaterialExporter.cs
 0.1 kb	 0.0% Packages/com.unity.collections/Unity.Collections/UnsafeAtomicCounter.cs
 0.1 kb	 0.0% Packages/com.unity.collections/Unity.Collections/UnsafeUtilityEx.cs
 0.1 kb	 0.0% Packages/com.unity.collections/Unity.Collections/UnsafeAppendBuffer.cs
 0.1 kb	 0.0% Packages/com.unity.collections/Unity.Collections/NativeParallelHashSetExtensions.gen.cs
 0.1 kb	 0.0% Packages/com.unity.collections/Unity.Collections/Jobs/RegisterGenericJobTypeAttribute.cs
 0.1 kb	 0.0% Packages/com.unity.collections/Unity.Collections/DoubleRewindableAllocators.cs
 0.1 kb	 0.0% Packages/com.unity.collections/Unity.Collections/DataStreamExtensions.cs
 0.1 kb	 0.0% Packages/com.unity.cloud.gltfast/DocExamples/ExportSamples.cs
 0.1 kb	 0.0% Packages/com.unity.collections/Unity.Collections/NativeNotBurstCompatible.cs
 0.1 kb	 0.0% Packages/com.unity.collections/Unity.Collections/UnsafeBitArray.cs
 0.1 kb	 0.0% Packages/com.unity.collections/Unity.Collections/UTF8ArrayUnsafeUtility.cs
 0.1 kb	 0.0% Packages/com.unity.collections/Unity.Collections/StreamCompressionModel.cs
 0.1 kb	 0.0% Packages/com.unity.collections/Unity.Collections/NativeArrayExtensions.cs
 0.1 kb	 0.0% Packages/com.unity.collections/Unity.Collections/FixedStringInternalMethods.cs
 0.1 kb	 0.0% Packages/com.unity.collections/Unity.Collections/FixedStringFormatMethods.gen.cs
 0.1 kb	 0.0% Packages/com.unity.cloud.gltfast/Runtime/Scripts/MaterialsVariants/MultiMaterialsVariantsSlotInstances.cs
 0.1 kb	 0.0% Packages/com.unity.cloud.gltfast/Runtime/Scripts/Export/MetaMaterialExportBuiltIn.cs
 0.1 kb	 0.0% Packages/com.unity.cloud.gltfast/Runtime/Scripts/Export/GltfUnlitMaterialExporter.cs
 0.1 kb	 0.0% Packages/com.unity.cloud.gltfast/DocExamples/SimpleExport.cs
 0.1 kb	 0.0% Packages/com.unity.cloud.gltfast/DocExamples/ExtraData.cs
 0.1 kb	 0.0% Packages/com.unity.collections/Unity.Collections/UnsafeList.cs
 0.1 kb	 0.0% Packages/com.unity.collections/Unity.Collections/FixedStringParseMethods.cs
 0.1 kb	 0.0% Packages/com.unity.collections/Unity.Collections/FixedStringAppendMethods.cs
 0.1 kb	 0.0% Packages/com.unity.cloud.gltfast/Runtime/Scripts/Schema/MaterialsVariantsExtension.cs
 0.1 kb	 0.0% Packages/com.unity.cloud.gltfast/Runtime/Scripts/Export/VertexAttributeUsage.cs
 0.1 kb	 0.0% Packages/com.unity.collections/Unity.Collections/UnsafeText.cs
 0.1 kb	 0.0% Packages/com.unity.collections/Unity.Collections/UnsafeStream.cs
 0.1 kb	 0.0% Packages/com.unity.collections/Unity.Collections/RewindableAllocator.cs
 0.1 kb	 0.0% Packages/com.unity.collections/Unity.Collections/FixedStringMethods.cs
 0.1 kb	 0.0% Packages/com.unity.collections/Unity.Collections/AutoFreeAllocator.cs
 0.1 kb	 0.0% Packages/com.unity.cloud.gltfast/Runtime/Scripts/UninterruptedDefaultDeferAgent.cs
 0.1 kb	 0.0% Packages/com.unity.cloud.gltfast/Runtime/Scripts/MaterialsVariants/MaterialsVariantsSlotInstances.cs
 0.1 kb	 0.0% Packages/com.unity.cloud.gltfast/Runtime/Scripts/MaterialsVariants/IMaterialsVariantsSlotInstance.cs
 0.1 kb	 0.0% Packages/com.unity.cloud.gltfast/Runtime/Scripts/Loading/CustomHeaderDownloadProvider.cs
 0.1 kb	 0.0% Packages/com.unity.cloud.gltfast/Runtime/Scripts/Export/StandardMaterialExport.cs
 0.1 kb	 0.0% Packages/com.unity.cloud.gltfast/Runtime/Scripts/Export/MeshMaterialCombination.cs
 0.1 kb	 0.0% Packages/com.unity.cloud.gltfast/Runtime/Scripts/Export/GameObjectExportSettings.cs
 0.1 kb	 0.0% Packages/com.unity.collections/Unity.Collections/UnsafeQueue.cs
 0.1 kb	 0.0% Packages/com.unity.collections/Unity.Collections/NativeHashMap.cs
 0.1 kb	 0.0% Packages/com.unity.collections/Unity.Collections/FixedStringFormat.gen.cs
 0.1 kb	 0.0% Packages/com.unity.collections/Unity.Collections/FixedString.gen.cs
 0.1 kb	 0.0% Packages/com.unity.cloud.gltfast/Runtime/Scripts/Material/BuiltInMaterialGenerator.cs
 0.1 kb	 0.0% Packages/com.unity.collections/Unity.Collections/xxHash3.StreamingState.cs
 0.1 kb	 0.0% Packages/com.unity.collections/Unity.Collections/NativeSort.cs
 0.1 kb	 0.0% Packages/com.unity.collections/Unity.Collections/NativeBitArray.cs
 0.1 kb	 0.0% Packages/com.unity.collections/Unity.Collections/ListExtensions.cs
 0.1 kb	 0.0% Packages/com.unity.collections/Unity.Collections/Jobs/IJobParallelForDefer.cs
 0.1 kb	 0.0% Packages/com.unity.collections/Unity.Collections/Jobs/IJobParallelForBatch.cs
 0.1 kb	 0.0% Packages/com.unity.collections/Unity.Collections/FixedStringUtils.cs
 0.1 kb	 0.0% Packages/com.unity.collections/Unity.Collections/DataStreamWriter.cs
 0.1 kb	 0.0% Packages/com.unity.collections/Unity.Collections/DataStreamReader.cs
 0.1 kb	 0.0% Packages/com.unity.collections/Unity.Collections/ConcurrentMask.cs
 0.1 kb	 0.0% Packages/com.unity.collections/Unity.Collections/CollectionHelper.cs
 0.1 kb	 0.0% Packages/com.unity.collections/Unity.Collections/AllocatorManager.cs
 0.1 kb	 0.0% Packages/com.unity.cloud.gltfast/Runtime/Scripts/VertexBufferGeneratorBase.cs
 0.1 kb	 0.0% Packages/com.unity.cloud.gltfast/Runtime/Scripts/TimeBudgetPerFrameDeferAgent.cs
 0.1 kb	 0.0% Packages/com.unity.cloud.gltfast/Runtime/Scripts/Schema/TextureInfoExtensions.cs
 0.1 kb	 0.0% Packages/com.unity.cloud.gltfast/Runtime/Scripts/Schema/PbrSpecularGlossiness.cs
 0.1 kb	 0.0% Packages/com.unity.cloud.gltfast/Runtime/Scripts/Schema/MaterialPbrMetallicRoughness.cs
 0.1 kb	 0.0% Packages/com.unity.cloud.gltfast/Runtime/Scripts/Schema/AnimationChannelTarget.cs
 0.1 kb	 0.0% Packages/com.unity.cloud.gltfast/Runtime/Scripts/Schema/AccessorSparseIndices.cs
 0.1 kb	 0.0% Packages/com.unity.cloud.gltfast/Runtime/Scripts/MaterialsVariants/MaterialsVariantsComponent.cs
 0.1 kb	 0.0% Packages/com.unity.cloud.gltfast/Runtime/Scripts/Loading/DefaultDownloadProvider.cs
 0.1 kb	 0.0% Packages/com.unity.cloud.gltfast/Runtime/Scripts/IMaterialsVariantsProvider.cs
 0.1 kb	 0.0% Packages/com.unity.cloud.gltfast/Runtime/Scripts/GameObjectBoundsInstantiator.cs
 0.1 kb	 0.0% Packages/com.unity.cloud.gltfast/Runtime/Scripts/Export/NormalImageExport.cs
 0.1 kb	 0.0% Packages/com.unity.cloud.gltfast/Runtime/Scripts/Export/MaterialExportBase.cs
 0.1 kb	 0.0% Packages/com.unity.cloud.gltfast/Runtime/Scripts/Export/KhrLightsPunctual.cs
 0.1 kb	 0.0% Packages/com.unity.cloud.gltfast/Runtime/Scripts/Export/GltfMaterialExporter.cs
 0.1 kb	 0.0% Packages/com.unity.cloud.gltfast/Runtime/Scripts/Export/DracoExportSettings.cs
 0.1 kb	 0.0% Packages/com.unity.collections/Unity.Collections/NativeText.gen.cs
 0.1 kb	 0.0% Packages/com.unity.collections/Unity.Collections/FixedList.gen.cs
 0.1 kb	 0.0% Packages/com.unity.cloud.gltfast/Runtime/Scripts/VertexBufferTexCoords.cs
 0.1 kb	 0.0% Packages/com.unity.cloud.gltfast/Runtime/Scripts/Schema/FakeSchema/MaterialExtension.cs
 0.1 kb	 0.0% Packages/com.unity.cloud.gltfast/Runtime/Scripts/Material/MaterialGenerator.cs
 0.1 kb	 0.0% Packages/com.unity.cloud.gltfast/Runtime/Scripts/Material/IMaterialGenerator.cs
 0.1 kb	 0.0% Packages/com.unity.collections/Unity.Collections/UIntFloat.cs
 0.1 kb	 0.0% Packages/com.unity.collections/Unity.Collections/NativeStream.cs
 0.1 kb	 0.0% Packages/com.unity.collections/Unity.Collections/Jobs/EarlyInitHelpers.cs
 0.1 kb	 0.0% Packages/com.unity.cloud.gltfast/Runtime/Scripts/VertexBufferDescriptor.cs
 0.1 kb	 0.0% Packages/com.unity.cloud.gltfast/Runtime/Scripts/UninterruptedDeferAgent.cs
 0.1 kb	 0.0% Packages/com.unity.cloud.gltfast/Runtime/Scripts/Schema/TextureExtensions.cs
 0.1 kb	 0.0% Packages/com.unity.cloud.gltfast/Runtime/Scripts/Schema/OcclusionTextureInfo.cs
 0.1 kb	 0.0% Packages/com.unity.cloud.gltfast/Runtime/Scripts/Schema/NormalTextureInfo.cs
 0.1 kb	 0.0% Packages/com.unity.cloud.gltfast/Runtime/Scripts/Schema/NodeLightsPunctual.cs
 0.1 kb	 0.0% Packages/com.unity.cloud.gltfast/Runtime/Scripts/Schema/MeshGpuInstancing.cs
 0.1 kb	 0.0% Packages/com.unity.cloud.gltfast/Runtime/Scripts/Schema/MaterialExtensions.cs
 0.1 kb	 0.0% Packages/com.unity.cloud.gltfast/Runtime/Scripts/Schema/BufferViewExtensions.cs
 0.1 kb	 0.0% Packages/com.unity.cloud.gltfast/Runtime/Scripts/Schema/AccessorSparseValues.cs
 0.1 kb	 0.0% Packages/com.unity.cloud.gltfast/Runtime/Scripts/MorphTargetsGenerator.cs
 0.1 kb	 0.0% Packages/com.unity.cloud.gltfast/Runtime/Scripts/MaterialsVariants/MaterialsVariantsControl.cs
 0.1 kb	 0.0% Packages/com.unity.cloud.gltfast/Runtime/Scripts/MaterialsVariants/IMaterialsVariantsSlot.cs
 0.1 kb	 0.0% Packages/com.unity.cloud.gltfast/Runtime/Scripts/LightPunctualExtension.cs
 0.1 kb	 0.0% Packages/com.unity.cloud.gltfast/Runtime/Scripts/InstantiationSettings.cs
 0.1 kb	 0.0% Packages/com.unity.cloud.gltfast/Runtime/Scripts/ImportAddons/ImportAddonRegistry.cs
 0.1 kb	 0.0% Packages/com.unity.cloud.gltfast/Runtime/Scripts/ImportAddons/ImportAddonInstance.cs
 0.1 kb	 0.0% Packages/com.unity.cloud.gltfast/Runtime/Scripts/GltfJsonUtilityParser.cs
 0.1 kb	 0.0% Packages/com.unity.cloud.gltfast/Runtime/Scripts/GameObjectSceneInstance.cs
 0.1 kb	 0.0% Packages/com.unity.cloud.gltfast/Runtime/Scripts/GameObjectInstantiator.cs
 0.1 kb	 0.0% Packages/com.unity.cloud.gltfast/Runtime/Scripts/Export/TextureComparer.cs
 0.1 kb	 0.0% Packages/com.unity.cloud.gltfast/Runtime/Scripts/Export/OrmImageExport.cs
 0.1 kb	 0.0% Packages/com.unity.cloud.gltfast/Runtime/Scripts/Export/MaterialExport.cs
 0.1 kb	 0.0% Packages/com.unity.cloud.gltfast/Runtime/Scripts/Export/ImageExportBase.cs
 0.1 kb	 0.0% Packages/com.unity.cloud.gltfast/Runtime/Scripts/Export/IMaterialExport.cs
 0.1 kb	 0.0% Packages/com.unity.cloud.gltfast/Runtime/Scripts/Export/IGltfWritable.cs
 0.1 kb	 0.0% Packages/com.unity.cloud.gltfast/Runtime/Scripts/Export/GameObjectExport.cs
 0.1 kb	 0.0% Packages/com.unity.cloud.gltfast/Runtime/Scripts/Export/ExportSettings.cs
 0.1 kb	 0.0% Packages/com.unity.collections/Unity.Collections/xxHash3.AVX2.cs
 0.1 kb	 0.0% Packages/com.unity.cloud.gltfast/Runtime/Scripts/TextureDownload.cs
 0.1 kb	 0.0% Packages/com.unity.cloud.gltfast/Runtime/Scripts/Schema/FakeSchema/MeshPrimitive.cs
 0.1 kb	 0.0% Packages/com.unity.cloud.gltfast/Runtime/Scripts/Material/MaterialProperty.cs
 0.1 kb	 0.0% Packages/com.unity.collections/Unity.Collections/xxHash3.cs
 0.1 kb	 0.0% Packages/com.unity.collections/Unity.Collections/Unicode.cs
 0.1 kb	 0.0% Packages/com.unity.collections/Unity.Collections/Memory.cs
 0.1 kb	 0.0% Packages/com.unity.collections/Unity.Collections/Jobs/IJobFilter.cs
 0.1 kb	 0.0% Packages/com.unity.collections/Unity.Collections/BitField.cs
 0.1 kb	 0.0% Packages/com.unity.cloud.gltfast/Runtime/Scripts/VertexBufferColors.cs
 0.1 kb	 0.0% Packages/com.unity.cloud.gltfast/Runtime/Scripts/VertexBufferBones.cs
 0.1 kb	 0.0% Packages/com.unity.cloud.gltfast/Runtime/Scripts/SubMeshAssignment.cs
 0.1 kb	 0.0% Packages/com.unity.cloud.gltfast/Runtime/Scripts/Schema/TextureTransform.cs
 0.1 kb	 0.0% Packages/com.unity.cloud.gltfast/Runtime/Scripts/Schema/RootExtensions.cs
 0.1 kb	 0.0% Packages/com.unity.cloud.gltfast/Runtime/Scripts/Schema/MeshPrimitive.cs
 0.1 kb	 0.0% Packages/com.unity.cloud.gltfast/Runtime/Scripts/Schema/MaterialUnlit.cs
 0.1 kb	 0.0% Packages/com.unity.cloud.gltfast/Runtime/Scripts/Schema/MaterialTransmission.cs
 0.1 kb	 0.0% Packages/com.unity.cloud.gltfast/Runtime/Scripts/Schema/MaterialSpecular.cs
 0.1 kb	 0.0% Packages/com.unity.cloud.gltfast/Runtime/Scripts/Schema/MaterialClearCoat.cs
 0.1 kb	 0.0% Packages/com.unity.cloud.gltfast/Runtime/Scripts/Schema/LightsPunctual.cs
 0.1 kb	 0.0% Packages/com.unity.cloud.gltfast/Runtime/Scripts/Schema/LightPunctual.cs
 0.1 kb	 0.0% Packages/com.unity.cloud.gltfast/Runtime/Scripts/Schema/AnimationSampler.cs
 0.1 kb	 0.0% Packages/com.unity.cloud.gltfast/Runtime/Scripts/Schema/AnimationChannel.cs
 0.1 kb	 0.0% Packages/com.unity.cloud.gltfast/Runtime/Scripts/Schema/AccessorSparse.cs
 0.1 kb	 0.0% Packages/com.unity.cloud.gltfast/Runtime/Scripts/RenderPipelineUtils.cs
 0.1 kb	 0.0% Packages/com.unity.cloud.gltfast/Runtime/Scripts/PrimitivesComparer.cs
 0.1 kb	 0.0% Packages/com.unity.cloud.gltfast/Runtime/Scripts/PrimitiveComparer.cs
 0.1 kb	 0.0% Packages/com.unity.cloud.gltfast/Runtime/Scripts/MeshGeneratorBase.cs
 0.1 kb	 0.0% Packages/com.unity.cloud.gltfast/Runtime/Scripts/Logging/ConsoleLogger.cs
 0.1 kb	 0.0% Packages/com.unity.cloud.gltfast/Runtime/Scripts/Logging/CollectingLogger.cs
 0.1 kb	 0.0% Packages/com.unity.cloud.gltfast/Runtime/Scripts/ImageCreateContext.cs
 0.1 kb	 0.0% Packages/com.unity.cloud.gltfast/Runtime/Scripts/IMaterialProvider.cs
 0.1 kb	 0.0% Packages/com.unity.cloud.gltfast/Runtime/Scripts/Export/ImageExport.cs
 0.1 kb	 0.0% Packages/com.unity.cloud.gltfast/Runtime/Scripts/Export/IMeshData.cs
 0.1 kb	 0.0% Packages/com.unity.cloud.gltfast/Runtime/Scripts/Export/GltfWriter.cs
 0.1 kb	 0.0% Packages/com.unity.cloud.gltfast/Runtime/Scripts/Export/ExportJobs.cs
 0.1 kb	 0.0% Packages/com.unity.cloud.gltfast/Runtime/Scripts/Export/Constants.cs
 0.1 kb	 0.0% Packages/com.unity.cloud.gltfast/Runtime/Scripts/DontDestroyOnLoad.cs
 0.1 kb	 0.0% Packages/com.unity.cloud.gltfast/Runtime/Scripts/DefaultDeferAgent.cs
 0.1 kb	 0.0% Assets/Scripts/WebBridge.cs
 0.1 kb	 0.0% Assets/Scripts/OrbitCamera.cs
 0.1 kb	 0.0% Assets/Scripts/ModelManager.cs
 0.1 kb	 0.0% Packages/com.unity.cloud.gltfast/Runtime/Scripts/VertexStructs.cs
 0.1 kb	 0.0% Packages/com.unity.cloud.gltfast/Runtime/Scripts/Schema/GltfAnimation.cs
 0.1 kb	 0.0% Packages/com.unity.cloud.gltfast/Runtime/Scripts/Schema/FakeSchema/NamedObject.cs
 0.1 kb	 0.0% Packages/com.unity.cloud.gltfast/Runtime/Scripts/Material/Constants.cs
 0.1 kb	 0.0% Packages/com.unity.cloud.gltfast/Runtime/Scripts/StreamExtension.cs
 0.1 kb	 0.0% Packages/com.unity.cloud.gltfast/Runtime/Scripts/Schema/TextureInfo.cs
 0.1 kb	 0.0% Packages/com.unity.cloud.gltfast/Runtime/Scripts/Schema/SpotLight.cs
 0.1 kb	 0.0% Packages/com.unity.cloud.gltfast/Runtime/Scripts/Schema/NamedObject.cs
 0.1 kb	 0.0% Packages/com.unity.cloud.gltfast/Runtime/Scripts/Schema/MaterialSheen.cs
 0.1 kb	 0.0% Packages/com.unity.cloud.gltfast/Runtime/Scripts/Schema/MaterialIor.cs
 0.1 kb	 0.0% Packages/com.unity.cloud.gltfast/Runtime/Scripts/Schema/JsonWriter.cs
 0.1 kb	 0.0% Packages/com.unity.cloud.gltfast/Runtime/Scripts/Schema/IBufferView.cs
 0.1 kb	 0.0% Packages/com.unity.cloud.gltfast/Runtime/Scripts/Schema/Constants.cs
 0.1 kb	 0.0% Packages/com.unity.cloud.gltfast/Runtime/Scripts/Schema/BufferView.cs
 0.1 kb	 0.0% Packages/com.unity.cloud.gltfast/Runtime/Scripts/RootExtension.cs
 0.1 kb	 0.0% Packages/com.unity.cloud.gltfast/Runtime/Scripts/NodeExtension.cs
 0.1 kb	 0.0% Packages/com.unity.cloud.gltfast/Runtime/Scripts/MeshGenerator.cs
 0.1 kb	 0.0% Packages/com.unity.cloud.gltfast/Runtime/Scripts/MeshAssignment.cs
 0.1 kb	 0.0% Packages/com.unity.cloud.gltfast/Runtime/Scripts/Logging/LogMessages.cs
 0.1 kb	 0.0% Packages/com.unity.cloud.gltfast/Runtime/Scripts/Logging/ICodeLogger.cs
 0.1 kb	 0.0% Packages/com.unity.cloud.gltfast/Runtime/Scripts/Loading/IDownload.cs
 0.1 kb	 0.0% Packages/com.unity.cloud.gltfast/Runtime/Scripts/ImportSettings.cs
 0.1 kb	 0.0% Packages/com.unity.cloud.gltfast/Runtime/Scripts/ImportAddons/ImportAddon.cs
 0.1 kb	 0.0% Packages/com.unity.cloud.gltfast/Runtime/Scripts/IInstantiator.cs
 0.1 kb	 0.0% Packages/com.unity.cloud.gltfast/Runtime/Scripts/IGltfReadable.cs
 0.1 kb	 0.0% Packages/com.unity.cloud.gltfast/Runtime/Scripts/GltfBoundsAsset.cs
 0.1 kb	 0.0% Packages/com.unity.cloud.gltfast/Runtime/Scripts/GltfAssetBase.cs
 0.1 kb	 0.0% Packages/com.unity.cloud.gltfast/Runtime/Scripts/AnimationUtils.cs
 0.1 kb	 0.0% Packages/com.unity.cloud.gltfast/Runtime/Scripts/Schema/GltfCamera.cs
 0.1 kb	 0.0% Packages/com.unity.cloud.gltfast/Runtime/Scripts/Schema/FakeSchema/Material.cs
 0.1 kb	 0.0% Packages/com.unity.cloud.gltfast/Runtime/Scripts/Extensions.cs
 0.1 kb	 0.0% Packages/com.unity.cloud.gltfast/Runtime/Scripts/UvTransform.cs
 0.1 kb	 0.0% Packages/com.unity.cloud.gltfast/Runtime/Scripts/UriHelper.cs
 0.1 kb	 0.0% Packages/com.unity.cloud.gltfast/Runtime/Scripts/Schema/Texture.cs
 0.1 kb	 0.0% Packages/com.unity.cloud.gltfast/Runtime/Scripts/Schema/Scene.cs
 0.1 kb	 0.0% Packages/com.unity.cloud.gltfast/Runtime/Scripts/Schema/Sampler.cs
 0.1 kb	 0.0% Packages/com.unity.cloud.gltfast/Runtime/Scripts/Schema/Material.cs
 0.1 kb	 0.0% Packages/com.unity.cloud.gltfast/Runtime/Scripts/Schema/Image.cs
 0.1 kb	 0.0% Packages/com.unity.cloud.gltfast/Runtime/Scripts/Schema/Buffer.cs
 0.1 kb	 0.0% Packages/com.unity.cloud.gltfast/Runtime/Scripts/Schema/Asset.cs
 0.1 kb	 0.0% Packages/com.unity.cloud.gltfast/Runtime/Scripts/Schema/Accessor.cs
 0.1 kb	 0.0% Packages/com.unity.cloud.gltfast/Runtime/Scripts/SamplerKey.cs
 0.1 kb	 0.0% Packages/com.unity.cloud.gltfast/Runtime/Scripts/PrimitiveSet.cs
 0.1 kb	 0.0% Packages/com.unity.cloud.gltfast/Runtime/Scripts/MeshSubset.cs
 0.1 kb	 0.0% Packages/com.unity.cloud.gltfast/Runtime/Scripts/MeshResult.cs
 0.1 kb	 0.0% Packages/com.unity.cloud.gltfast/Runtime/Scripts/MeshOrder.cs
 0.1 kb	 0.0% Packages/com.unity.cloud.gltfast/Runtime/Scripts/MeshComparer.cs
 0.1 kb	 0.0% Packages/com.unity.cloud.gltfast/Runtime/Scripts/Mathematics.cs
 0.1 kb	 0.0% Packages/com.unity.cloud.gltfast/Runtime/Scripts/Jobs.cs
 0.1 kb	 0.0% Packages/com.unity.cloud.gltfast/Runtime/Scripts/IGltfBuffers.cs
 0.1 kb	 0.0% Packages/com.unity.cloud.gltfast/Runtime/Scripts/IDeferAgent.cs
 0.1 kb	 0.0% Packages/com.unity.cloud.gltfast/Runtime/Scripts/GltfImport.cs
 0.1 kb	 0.0% Packages/com.unity.cloud.gltfast/Runtime/Scripts/GltfGlobals.cs
 0.1 kb	 0.0% Packages/com.unity.cloud.gltfast/Runtime/Scripts/GltfAsset.cs
 0.1 kb	 0.0% Packages/com.unity.cloud.gltfast/Runtime/Scripts/GlbBinChunk.cs
 0.1 kb	 0.0% Packages/com.unity.cloud.gltfast/Runtime/Scripts/Schema/FakeSchema/Root.cs
 0.1 kb	 0.0% Packages/com.unity.cloud.gltfast/Runtime/Scripts/Schema/FakeSchema/Mesh.cs
 0.1 kb	 0.0% Packages/com.unity.cloud.gltfast/Runtime/Scripts/Schema/Skin.cs
 0.1 kb	 0.0% Packages/com.unity.cloud.gltfast/Runtime/Scripts/Schema/Root.cs
 0.1 kb	 0.0% Packages/com.unity.cloud.gltfast/Runtime/Scripts/Schema/Node.cs
 0.1 kb	 0.0% Packages/com.unity.cloud.gltfast/Runtime/Scripts/Schema/Mesh.cs
 0.1 kb	 0.0% Assets/Resources/PerformanceTestRunSettings.json
-------------------------------------------------------------------------------
Unloading 5 Unused Serialized files (Serialized files now loaded: 0)
Unloading 12 unused Assets / (3.0 KB). Loaded Objects now: 1681.
Memory consumption went from 246.5 MB to 246.5 MB.
Total: 11.080300 ms (FindLiveObjects: 0.268900 ms CreateObjectMapping: 0.036700 ms MarkObjects: 10.473600 ms  DeleteObjects: 0.080100 ms)

DisplayProgressNotification: Build Successful
Build Finished, Result: Success.
Unloading 0 Unused Serialized files (Serialized files now loaded: 0)
Loaded scene 'Temp/__Backupscenes/0.backup'
	Deserialize:            1.804 ms
	Integration:            7.719 ms
	Integration of assets:  0.002 ms
	Thread Wait Time:       0.137 ms
	Total Operation Time:   9.662 ms
Unloading 0 unused Assets / (Unknown). Loaded Objects now: 1687.
Memory consumption went from 246.5 MB to 246.5 MB.
Total: 9.133500 ms (FindLiveObjects: 0.239500 ms CreateObjectMapping: 0.027000 ms MarkObjects: 8.644400 ms  DeleteObjects: 0.006700 ms)

Asset Pipeline Refresh (id=89579f66dea08fa42a6de39bc4484f2c): Total: 0.076 seconds - Initiated by RefreshV2(NoUpdateAssetOptions)
[websockify wrapper] Proxying from :35020 to localhost:34999
##utp:{"success":true,"type":"PlayerBuildInfo","version":2,"phase":"Immediate","time":1788886035419,"processId":27400,"steps":[{"description":"Call PrepareForBuild callbacks","duration":1},{"description":"Call internal build started callbacks","duration":1},{"description":"Preprocess Player","duration":108},{"description":"Save scenes before build","duration":0},{"description":"Prepare For Build","duration":3},{"description":"ProducePlayerScriptAssemblies","duration":2436},{"description":"Verify Build setup","duration":187},{"description":"Prepare assets for target platform","duration":1},{"description":"Prepare splash screen","duration":0},{"description":"Build scripts DLLs","duration":142},{"description":"Building scenes","duration":130},{"description":"Build GlobalGameManagers file","duration":297},{"description":"Writing asset files","duration":80},{"description":"Building Resources/unity_builtin_extra","duration":206},{"description":"Creating compressed player package","duration":170},{"description":"Write data build dirty tracking information","duration":56},{"description":"Postprocess built player","duration":14828},{"description":"Call Post-Process callbacks","duration":141}],"duration":18787}
[WebGLBuilder] SUCCESS! WebGL build generated at D:\test\nextjs-app\public\unity-build (20 MB)
UnityEngine.Debug:ExtractStackTraceNoAlloc (byte*,int,string)
UnityEngine.StackTraceUtility:ExtractStackTrace ()
UnityEngine.DebugLogHandler:Internal_Log (UnityEngine.LogType,UnityEngine.LogOption,string,UnityEngine.Object)
UnityEngine.DebugLogHandler:LogFormat (UnityEngine.LogType,UnityEngine.Object,string,object[])
UnityEngine.Logger:Log (UnityEngine.LogType,object)
UnityEngine.Debug:Log (object)
UnityNextViewer.Editor.WebGLBuilder:BuildWebGL () (at Assets/Editor/WebGLBuilder.cs:73)

(Filename: Assets/Editor/WebGLBuilder.cs Line: 73)

Batchmode quit successfully invoked - shutting down!
[websockify wrapper] Kill
[websockify wrapper] Process killed
[Physics::Module] Cleanup current backend.
[Physics::Module] Id: 0xf2b8ea05
Input System module state changed to: ShutdownInProgress.
Input Polling Thread exited.
Input System module state changed to: Shutdown.
[Licensing::IpcConnector] LicenseClient-USER-notifications channel disconnected successfully.
[Licensing::IpcConnector] LicenseClient-USER channel disconnected successfully.
Lingering sessions upon destruction of worker manager
Unity Data Store service was successfully shut down
UDS shutting down local client system
Shut down UDS service system complete
AcceleratorClientConnectionCallback - disconnected - :0
Cleanup mono
CodeReloadManager destroyed
[websockify wrapper] Kill
Exiting batchmode successfully now!
[ExitDontLaunchBugReporter] Exiting without the bug reporter. Application will exit with return code 0
